STT,Mã Nhóm,Tên Nhóm Sản Phẩm,Tồn Đầu SL,Tồn Đầu VNĐ,Tổng Tiền Nhập VNĐ,Tổng Tiền Xuất HĐ VNĐ,Tổng Tiền Giá Vốn VNĐ,Tồn Cuối SL,Tồn Cuối VNĐ,Nhập T1 VNĐ,Xuất T1 VNĐ,Nhập T2 VNĐ,Xuất T2 VNĐ,Nhập T3 VNĐ,Xuất T3 VNĐ,Nhập T4 VNĐ,Xuất T4 VNĐ,Nhập T5 VNĐ,Xuất T5 VNĐ,Nhập T6 VNĐ,Xuất T6 VNĐ,Nhập T7 VNĐ,Xuất T7 VNĐ,Nhập T8 VNĐ,Xuất T8 VNĐ,Nhập T9 VNĐ,Xuất T9 VNĐ,Nhập T10 VNĐ,Xuất T10 VNĐ,Nhập T11 VNĐ,Xuất T11 VNĐ,Nhập T12 VNĐ,Xuất T12 VNĐ
1.0,CAM-WIFI-2M,Camera WiFi 2MP,291.0,118991374.0,77685089.72143486,86268175.0,132919690.9863309,205.0,63756772.73510394,19914290.22117221,5645710.735587256,16957509.14487212,1053652.333447391,0.0,37404657.83738238,2148947.973358435,0.0,7027640.669631639,21378350.12563742,0.0,534458.7531409354,3581579.955597391,2658986.414817904,4539894.592365342,10750514.68095827,3581579.955597391,0.0,4628773.918949948,5292754.508271186,9045467.000815652,7644122.54846119,6259406.289074737,40556483.04862697
2.0,HDD-1TB,HDD 1TB+,92.0,112945674.0,126521292.4483938,107881821.0,144887490.1415502,101.0,94579476.30684368,3326381.735820669,9261072.028683769,0.0,3087024.009561256,11153938.28070292,10954782.91870965,0.0,4694906.965161277,29735032.79513855,4759426.117907388,14528721.68164245,9420761.18670997,4347174.614927559,37870056.28797793,0.0,6311676.047996322,40528168.51908209,14331118.20619264,6885961.110544866,6345534.945094687,12108735.22515773,14257437.11800731,3907178.485377003,23593694.309548
3.0,INK-BRO-2385,Hộp mực Brother TN-2385,97.0,39350749.0,0.0,22369088.0,27816076.08169415,42.0,11534672.91830586,0.0,2022987.351395938,0.0,0.0,0.0,1517240.513546953,0.0,1011493.675697969,0.0,0.0,0.0,1517240.513546953,0.0,1517240.513546953,0.0,0.0,0.0,11632177.27052664,0.0,2528734.189244923,0.0,505746.8378489845,0.0,5563215.21633883
4.0,INK-CAN-12A,Hộp mực Canon 12A / 303,683.0,99426269.0,57141591.40564163,82904641.0,92573962.08883846,606.0,63993898.31680317,3115182.741801169,4544171.702730658,7391958.982715005,6330463.718557539,0.0,2713055.879381803,3959977.749884586,3049980.561625193,4223976.976406253,1432003.013227156,4223976.00841167,3215167.896592676,4223976.00841167,9982735.814003961,9635945.63218709,6204589.641597013,5807967.495563338,8634379.759963937,5411969.623775421,2108038.253453439,4223976.00841167,1228130.804726808,4922684.178073766,43131245.04297827
5.0,INK-CAN-35A,Hộp mực Canon 35A / 85A,60.0,17501407.0,26685858.57191904,8799998.0,7088702.572541503,148.0,37098562.99937754,8421552.868566839,1380191.748082146,923994.3888420843,0.0,0.0,444854.1095475255,1108794.234605084,1286826.983946994,2032788.623447168,809039.1628135405,923994.3888420843,0.0,1108793.266610501,385238.4525663679,2595985.29550278,362896.8775704597,1671990.906660696,350391.5608851168,2010789.010568557,340511.6322716982,5200770.629755921,1397007.021363872,686404.9585173271,331745.0234937831
6.0,INK-EPS-003,Mực nước Epson 003,20.0,606350.0,1293591.176384335,0.0,0.0,62.0,1899941.176384335,369596.7875422512,0.0,153999.2261394445,0.0,92398.95488691714,0.0,0.0,0.0,0.0,0.0,0.0,0.0,677596.2078157227,0.0,0.0,0.0,0.0,0.0,0.0,0.0,0.0,0.0,0.0,0.0
7.0,KB-OFF,Bàn phím Văn phòng,1965.0,278319279.0,54755757.15209886,164877341.0,234406915.0112176,932.0,98668121.14088127,3722379.607608586,6171344.416136706,3146963.218236788,3026486.73074434,3722379.607608586,10665121.78360298,1755588.854802669,4823601.291650862,7286359.485705256,66916078.92412214,675850.9124688524,2850900.488947344,0.0,16214496.53088802,5236507.194649556,20640231.81362301,3898378.446626641,40379861.14490847,0.0,29716323.00276186,25311349.82439194,10215049.89261463,0.0,22787418.99121725
8.0,LCD-DELL-19,Màn hình DELL 19 inch,47.0,116255869.0,186127157.4675766,61736362.0,121753798.4042981,75.0,180629228.0632785,17445118.99195131,6975010.096964863,0.0,3487505.048482431,46515629.75101481,24482474.08430129,9776155.775497485,17079409.64232341,19139892.61910793,18216308.07889502,4768368.417705812,15419109.47206146,8340135.81221945,6315177.301738932,37872096.89585396,29778804.67953072,22838193.3614745,0.0,1303623.472238339,0.0,7569589.860599314,0.0,10558352.50991372,0.0
9.0,LCD-DELL-22,Màn hình DELL 22 inch,348.0,435897925.0,540586779.147686,384790238.0,647515957.6214719,340.0,328968746.5262141,27116425.46624055,113462652.7200049,74927437.71470392,15450826.96496552,7317119.046872871,74955601.87275806,9019949.695623895,32572353.75634686,83832730.38800873,12689658.33912366,298239128.9611882,47115437.98278801,0.0,13960129.77267793,6350131.581328349,72958235.77097823,6723064.078202219,33003834.30327942,6030359.410941371,79811942.10025826,17173361.59077227,57492370.24559185,3857071.213803613,94042913.79269917
10.0,LCD-DELL-24,Màn hình DELL 24 inch,238.0,588392756.0,770176078.5199977,498940240.0,604522055.3148427,365.0,754046779.2051549,49249804.54822595,34787964.07665252,588716.881231117,5891358.072951676,234093359.1043832,76483103.61040494,59052266.5445,59443590.48203214,47041929.10356777,41890735.90757672,160494438.7066026,3106715.040046893,12677209.40367764,201055703.8470454,11536735.61036801,3073298.887627897,34438474.61458922,62847413.9501529,56383924.62194292,27476596.69206852,32647817.54966516,63897623.78210942,71971401.83124425,24567950.96617375
11.0,LCD-DELL-27,Màn hình DELL 27 inch,36.0,95976098.0,155309688.0935813,48877274.0,56895243.4636781,79.0,194390542.6299032,0.0,6647257.327004643,6283164.748109921,6727522.417079032,32260619.71662761,13269449.41669652,5807967.495563338,13344587.38606427,3854378.252874836,6592838.991081066,15267914.28873237,0.0,5895966.915072366,6767081.809179887,0.0,0.0,22343074.78041813,3546506.116572679,6371164.167618949,0.0,0.0,0.0,57225437.72856378,0.0
12.0,LCD-SAM-19,Màn hình Samsung 19-20 inch,2.0,2769554.0,1759990.326169723,2081818.0,1906466.029095888,2.0,2623078.297073835,0.0,0.0,0.0,0.0,1759990.326169723,1906466.029095888,0.0,0.0,0.0,0.0,0.0,0.0,0.0,0.0,0.0,0.0,0.0,0.0,0.0,0.0,0.0,0.0,0.0,0.0
13.0,LCD-SAM-24,Màn hình Samsung 24-27 inch,4.0,8989807.0,9415947.567411812,7881819.0,8664585.289381864,5.0,9741169.278029948,0.0,0.0,0.0,0.0,0.0,0.0,0.0,0.0,0.0,0.0,0.0,0.0,0.0,0.0,6995961.110927088,8664585.289381864,0.0,0.0,0.0,0.0,2419986.456484724,0.0,0.0,0.0
14.0,MS-LOGI,Chuột Logitech,739.0,88525076.0,107409092.0037891,81939998.0,84357553.57214132,1237.0,111576614.4316477,3079982.586799724,5939134.46501935,10195421.00798026,1360296.168787992,4866390.453123018,6357465.640444922,13389120.05145174,4310993.617121229,10603940.21478098,6037959.219005461,4678921.78664998,4404298.619795488,3727659.050062053,7611274.741781331,22893732.22086789,5552042.882017856,7622519.804375548,3867162.555235251,4480934.042339548,15762772.37125169,15853061.20594288,3758074.963980461,6017409.579415429,19396078.32770029
15.0,MS-RAPO,Chuột Rapoo,1483.0,136479279.0,138272746.6810837,106930001.0,188860944.8279818,1196.0,85891080.85310186,0.0,4015554.457654906,0.0,1606221.783061963,0.0,4130284.585016476,17269906.16453432,4036796.685454171,0.0,93213305.28230542,116866862.9596521,4049157.913313672,0.0,15021069.67842169,0.0,18417137.60571703,4135977.556897225,9460572.35864742,0.0,6262632.406428573,0.0,6129384.908419456,0.0,22518827.16354105
16.0,OTH-GEN-MID,Hàng hóa khác,6410.0,4230966858.0,2833612949.912596,4738500807.0,3289826496.351221,8802.245,3774753311.561375,256745000.5841249,329158002.6579762,141808546.3796843,34737555.63108806,198442421.6439793,446386006.0982314,291293298.3537045,213497796.7342614,148183068.4417178,191170924.4246266,207484341.7063395,69173329.36387223,222110682.9439576,632045854.1710213,177776379.7428921,221328153.2144486,322155324.9472123,450094181.2889934,265047053.5534759,300697865.0412976,325585123.7207146,157024516.2567831,276981707.8947937,244512311.4686213
17.0,PC-ASU-EXP,Laptop ASUS ExpertBook,4.0,31185063.0,0.0,17727272.0,19438759.08227341,2.0,11746303.91772659,0.0,0.0,0.0,0.0,0.0,0.0,0.0,0.0,0.0,0.0,0.0,0.0,0.0,19438759.08227341,0.0,0.0,0.0,0.0,0.0,0.0,0.0,0.0,0.0,0.0
18.0,PC-ASU-ROG,Laptop ASUS Gaming (ROG/TUF),18.0,49819147.0,45967354.04199039,43027276.0,58081546.7929768,17.0,37704954.24901358,0.0,0.0,9583146.367679507,0.0,0.0,3545244.633645741,16315108.25208493,11030036.10827052,0.0,0.0,4756305.032666199,0.0,0.0,43506266.05106054,6297245.197308332,0.0,9015549.192251423,0.0,0.0,0.0,0.0,0.0,0.0,0.0
19.0,PC-DELL-INS,Laptop DELL Inspiron Series,217.0,1734085479.0,2021451619.800084,1731336359.0,1897456477.145462,277.0,1858080621.654623,4830292.96714351,0.0,229661114.2557782,0.0,60279662.37934824,16610896.886672,0.0,33221793.77334399,133368503.6008926,144401127.7177483,188318946.5082633,90948647.32443187,79104517.28957266,94515715.0119308,456629444.7257888,616232837.3089584,269718489.8976645,326794140.1380389,251414595.1518734,98492416.86645402,348126053.0237587,176001333.3913915,0.0,300237568.7264915
20.0,PC-DELL-INS-DT,PC Dell Inspiron Desktop,10.0,121629071.0,56759681.7270088,94527273.0,105373931.5232812,8.0,73014821.20372756,0.0,0.0,0.0,0.0,23583867.66028946,0.0,0.0,0.0,0.0,0.0,23407868.8212714,15153690.69670728,0.0,30307381.39341456,0.0,0.0,0.0,15153690.69670728,0.0,0.0,9767945.245447924,14919722.9121507,0.0,29839445.8243014
21.0,PC-DELL-LAT,Laptop DELL Latitude Series,10.0,80360090.0,12319931.31519348,47272729.0,63299634.17402625,5.0,29380387.14116723,0.0,0.0,0.0,0.0,0.0,0.0,0.0,0.0,0.0,0.0,0.0,0.0,0.0,0.0,0.0,0.0,0.0,0.0,12319931.31519348,63299634.17402625,0.0,0.0,0.0,0.0
22.0,PC-DELL-OPT,PC Dell OptiPlex,15.0,5321034.0,11351928.98864293,0.0,0.0,46.0,16672962.98864293,0.0,0.0,0.0,0.0,0.0,0.0,0.0,0.0,0.0,0.0,0.0,0.0,0.0,0.0,0.0,0.0,0.0,0.0,0.0,0.0,11351928.98864293,0.0,0.0,0.0
23.0,PC-DELL-VOS,Laptop DELL Vostro Series,19.0,218780552.0,57023680.95353046,147299999.0,171893592.3396979,12.0,103910640.6138325,0.0,14355126.37037596,0.0,0.0,20591884.49299876,42736855.43563785,0.0,0.0,0.0,71228092.39272971,0.0,0.0,36431796.4605317,0.0,0.0,43573518.1409544,0.0,0.0,0.0,0.0,0.0,0.0,0.0,0.0
24.0,PC-DELL-VOS-DT,PC Dell Vostro Desktop,23.0,133634271.0,74038827.39983398,145058419.0,85095284.18184666,30.0,122577814.2179873,1149977.564121541,0.0,27983843.47571377,0.0,0.0,0.0,19510630.67226306,27956917.39215437,5467376.665688512,5630572.658159561,0.0,16891717.97447868,0.0,0.0,11831044.68325985,17232513.36014473,0.0,11488342.24009649,0.0,0.0,0.0,0.0,8095954.338787229,5895220.556812839
25.0,PC-HP-PAV,Laptop HP Pavilion,14.0,221675461.0,106292844.4254137,159929090.0,206029578.3717414,10.0,121938727.0536723,71709038.67855534,20483877.71644859,0.0,0.0,0.0,40967755.43289718,0.0,40967755.43289718,0.0,0.0,14959915.83645348,0.0,19623889.91040488,82888151.83159874,0.0,20722037.95789969,0.0,0.0,0.0,0.0,0.0,0.0,0.0,0.0
26.0,PC-LEN-TP,Laptop LENOVO ThinkPad,140.0,810368609.0,1175844138.214606,569081819.0,422258081.9410015,335.0,1563954665.273605,0.0,0.0,47519733.96660962,0.0,71015603.17538464,22654357.98218965,0.0,0.0,0.0,7551452.660729882,149611481.9035658,111691105.9065586,36167797.23401003,22776328.63287485,188846943.0253175,141021720.2302819,66879625.61848741,59721046.48157743,74130784.94919123,44290644.87631413,86697114.44541106,0.0,454975053.8966289,12551425.17047498
27.0,PC-LEN-V,Laptop LENOVO V-Series,186.0,1943682400.0,2490749493.417603,1708461811.0,2240062734.364433,255.0,2194369159.053169,30019272.78838225,26050733.34353263,112384171.0391506,52395575.37936204,331450139.3109307,235350640.1749429,0.0,39225106.69582382,0.0,117675320.0874715,684636165.2484233,196451148.2915423,485493287.2365658,671891098.7973359,103839419.5640679,158186432.5029855,83071535.26405644,118695104.9600402,131031266.3282112,304289702.2665111,230998707.5619035,146983329.9179977,297825529.0759104,172868541.9468878
28.0,PC-LEN-V-DT,PC Lenovo Desktop,182.0,1933553046.0,2213820320.882705,1972222731.0,2318490316.289703,223.0,1828883050.593001,115305753.8964384,39777295.13050961,342752801.2472979,146041367.2894526,194227230.1864046,298684127.1977079,21368039.00523045,38980387.53766825,0.0,116941162.6130048,316651267.7651888,269853109.0529957,129676075.8485689,240992116.5199594,11792813.73722031,76172980.88832898,519794605.0603749,386393221.8779246,25247939.40326996,193639211.5652541,79934352.90937667,207459387.3949896,457069441.8233339,303555949.2219083
29.0,PC-MSI-DT,PC MSI Desktop,46.0,46284400.0,1495992.06764264,45999999.0,19775815.02365646,53.0,28004577.04398618,0.0,0.0,0.0,0.0,0.0,5151913.026367184,0.0,4121530.421093747,0.0,4121530.421093747,0.0,2060765.210546873,0.0,1030382.605273437,1495992.06764264,2537763.43315999,0.0,751929.9061214785,0.0,0.0,0.0,0.0,0.0,0.0
30.0,PC-MSI-GF,Laptop MSI Gaming Series,10.0,137305472.0,102501827.2259371,114800001.0,142675723.1782946,9.0,97131576.0476425,0.0,0.0,29286236.62683763,0.0,73215590.5990995,35668930.79457366,0.0,0.0,0.0,0.0,0.0,53503396.19186049,0.0,35668930.79457366,0.0,0.0,0.0,17834465.39728683,0.0,0.0,0.0,0.0,0.0,0.0
31.0,PC-SYS-AMD,PC Lắp Ráp AMD Ryzen,38.0,80122594.0,114267361.9078254,56336363.0,9368317.848686308,112.0,185021638.059139,1891988.971435974,0.0,0.0,0.0,3695979.491357503,0.0,2393586.340233641,2561997.569518835,0.0,0.0,0.0,0.0,0.0,2561997.569518835,18999093.93509132,0.0,18999093.93509132,0.0,16015909.8385564,0.0,52271709.3960592,0.0,0.0,4244322.709648638
32.0,PC-SYS-G,PC Văn phòng Entry (G/Celeron),2.0,2878622.0,0.0,1636364.0,1794347.490878311,1.0,1084274.509121689,0.0,0.0,0.0,0.0,0.0,0.0,0.0,0.0,0.0,1794347.490878311,0.0,0.0,0.0,0.0,0.0,0.0,0.0,0.0,0.0,0.0,0.0,0.0,0.0,0.0
33.0,PC-SYS-I3,PC Văn phòng Core i3,61.0,297886949.0,187900072.9884996,294290910.0,234611351.9077743,70.0,251175670.0807253,0.0,12175969.29440534,5244770.823507726,5999111.235033751,41324569.60600331,26149886.05748377,45217668.61017648,26191395.58532304,0.0,47144512.05358148,12302331.23769276,5035868.497755802,0.0,15107605.49326741,15787111.73503076,19158048.0725938,0.0,9579024.0362969,25871855.47150794,30194886.25898965,42151765.50458059,32464324.5626086,0.0,5410720.760434768
34.0,PC-SYS-I5,PC Văn phòng Core i5,113.0,1390561363.0,1896784508.557629,1103017270.0,1458160612.811798,169.0,1829185258.745831,54174258.2203967,61652760.4856622,68958173.28184296,45762526.70801412,151121555.3884015,90658011.08727378,2859983.554029863,60075933.66073723,15707912.3542721,256042949.9511672,151834350.783224,44430970.31385165,61775655.41498546,282247078.0877665,278324842.6119943,271911904.1636609,289606378.0665964,107932071.8555778,23231869.98225335,15411526.38905219,16191909.64556904,77275307.23234576,782997619.2540636,144759572.8766888
35.0,PC-SYS-I7,PC Đồ họa Core i7,19.0,305256524.0,406787402.7000349,250327273.0,336417460.6336018,27.0,375626466.066433,0.0,0.0,60561260.71537604,0.0,5543969.237036254,20247426.3313,0.0,0.0,0.0,0.0,0.0,40494852.6626,34847804.97338002,20446758.53674602,194822990.1962187,127554868.3258596,105511408.5347394,43039057.2618696,0.0,21519528.6309348,5499969.043284449,63114968.88429185,0.0,0.0
36.0,PRN-BRO-DCP,Máy in Đa năng Brother (DCP),54.0,243603566.0,431930907.1037779,88472726.0,117377151.4683117,130.0,558157321.6354661,22600033.78234059,0.0,0.0,0.0,0.0,11093330.26120391,0.0,5546665.130601955,0.0,11093330.26120391,14924258.78800905,0.0,0.0,0.0,29107034.69374577,11131509.91021957,50444380.52675134,10937089.65070758,37223615.06109891,10776482.42351157,0.0,5388241.211755783,277631584.2518322,51410502.61910744
37.0,PRN-BRO-HL,Máy in Laser Brother (HL),341.0,1035712698.0,1473463324.930224,758268165.0,1012237751.052519,561.0,1496938271.877704,55427369.79932612,18872264.87158209,0.0,7548905.948632835,84539367.40129685,56154163.65064899,0.0,11230832.7301298,17812827.22206292,18724462.40649775,87329690.19318493,11151764.28747044,0.0,85496859.53727335,73979974.29720683,89354567.92365262,175446669.7402851,37289873.18577852,172530432.1490824,98695451.19377732,188565174.3222432,88853208.89309247,617831819.8055353,488865396.4239828
38.0,PRN-CAN-LBP,Máy in Laser Canon (LBP),590.0,1196333369.0,609404375.5170331,1252222715.0,841392541.6979373,736.0,964345202.8190958,30653605.44632353,61830079.99327102,8346753.023186062,17883171.06432905,21889877.14075015,185439769.1340472,61397255.6847091,56747837.14043161,79987153.14187883,270192087.742233,48069747.52044488,29695495.73942848,38358982.68298537,49824650.86061336,80981544.93674006,28392940.75184952,36273397.69901436,42898634.51592483,34073408.33931033,24851963.10391542,58176475.38188735,26846087.92844785,111196174.5198031,46789823.72344588
39.0,PRN-CAN-MF,Máy in Đa năng Canon (MF),3.0,12128502.0,10251943.50473945,10900000.0,11016806.09570869,3.0,11363639.40903075,5367970.398018198,0.0,0.0,0.0,0.0,0.0,0.0,0.0,0.0,0.0,0.0,0.0,0.0,5508403.047854347,0.0,5508403.047854347,0.0,0.0,4883973.106721253,0.0,0.0,0.0,0.0,0.0
40.0,PRN-EPS-L,Máy in Phun màu Epson (L-Series),16.0,90209052.0,126774729.8860248,65645453.0,62564384.65816787,31.0,154419397.227857,16631906.74311418,0.0,11061538.35782143,7053673.821739321,31761663.03705126,20997579.73416812,0.0,0.0,0.0,0.0,5499969.043284449,0.0,0.0,0.0,21753477.99211143,7002889.408976076,7963955.693520978,6873610.961548328,10911938.66705987,0.0,0.0,6883816.34626486,21190280.35206124,13752814.38547117
41.0,PRN-HP-LJ,Máy in Laser HP (LaserJet),27.0,48529488.0,58235960.5849769,44590909.0,42413253.20091632,51.0,64352195.3840606,9239948.728393756,0.0,6159965.173599449,0.0,16323908.29083529,5962183.845894032,615996.9045577779,5658134.010009227,5675968.850297087,5755304.188628223,14123918.93113126,2689632.432660871,219999.0327698611,2630942.243837443,2727984.908763613,9666758.749450099,1187992.647369168,2187266.995001056,0.0,0.0,439997.0975451395,4212497.145113912,1520280.019714503,3650533.590321449
42.0,RAM-16G-D4,RAM 16GB DDR4,115.0,73873469.0,139048025.1582181,16963636.0,18657927.76582052,318.0,194263566.3923976,3854378.252874836,0.0,33571812.90650183,0.0,0.0,0.0,0.0,1631357.705517516,0.0,815678.8527587581,0.0,10603825.08586385,0.0,0.0,0.0,815678.8527587581,5785967.882684726,0.0,8909950.663236257,1615077.309307433,86925915.45292045,2382232.469710655,0.0,794077.4899035516
43.0,RAM-8G-D4,RAM 8GB DDR4,296.0,104118818.0,174340220.9565536,47163627.0,57728572.91676974,683.0,220730466.0397839,41606166.97403653,0.0,28643838.63803419,0.0,0.0,0.0,0.0,0.0,0.0,919733.8174773039,0.0,14255874.17089821,0.0,2299334.54369326,3475980.458587641,0.0,10322343.81474234,10005329.61178101,7519556.156614201,6797872.697656883,82772334.91453876,4342671.865789458,0.0,19107756.20947361
44.0,SCN-HP-SJ,Máy quét HP ScanJet,44.0,364696819.0,292070372.4607896,337781822.0,368394688.2363072,46.0,288372503.2244824,0.0,0.0,5851967.689315143,0.0,5851967.689315143,0.0,11703935.37863029,10100078.70296132,82059544.35968909,110073475.5566103,31195824.70777975,29451389.48454379,13578324.27256554,29325103.41519845,17723101.86821312,19295179.26712192,19386291.76812888,28713422.04148351,69959608.20528713,60991223.62801452,19623890.87839946,20129554.53726867,15135915.64346612,60315261.60310473
45.0,SSD-128-256,SSD 120-256GB,836.0,369989202.0,474282141.4440261,323268155.0,384755096.2261485,1307.0,459516247.2178776,0.0,7172623.447622869,4751973.493460421,1104927.395807446,141679206.736744,46175271.49120322,1091194.157104362,7616341.024595102,0.0,3808170.512297551,1073594.07960364,8172045.709216502,40998970.10822912,74245416.89550915,1135193.382861584,3561740.361070385,30597427.88072269,105107978.7801289,29435836.31759919,43650009.88676928,223518745.2877011,10517571.34024101,0.0,73622999.38168706
46.0,SSD-480-512,SSD 480-512GB,113.0,91012158.0,137279229.9533251,56563637.0,31647618.86063632,292.0,196643769.0926887,0.0,1004090.540953585,0.0,0.0,2411186.417734363,4054859.121379705,0.0,0.0,0.0,1013714.780344926,0.0,0.0,0.0,4054859.121379705,0.0,0.0,12935927.25175668,1969601.78105196,14053520.55711754,13350812.98562836,107878595.7267165,1771337.294256593,0.0,4428343.235641482
47.0,SW-WIN-PRO,Bản quyền Windows,343.0,175389227.0,83796387.03140523,154992728.0,138091534.2658907,333.0,121094079.7655145,18875894.36058085,43407741.54082263,0.0,0.0,15828647.41457528,3782762.172032943,0.0,1080789.192009412,0.0,5403945.96004706,18207978.09859106,4009486.270942149,7811716.281532689,6966237.009565582,0.0,4063638.255579924,18875894.36058085,44026255.1882177,421077.643428342,5015289.507115584,1258392.957372057,3921063.906727252,2516785.914744113,16414325.26283048
48.0,UPS-SAN-500,Bộ lưu điện Santak 500VA+,34.0,33214249.0,19201492.89036046,27572729.0,30771783.19286177,30.0,21643958.69749869,0.0,0.0,0.0,1217860.170484297,15681512.23802101,2368057.182669309,0.0,16576400.27868517,3519980.652339447,1178829.506780333,0.0,0.0,0.0,0.0,0.0,0.0,0.0,0.0,0.0,0.0,0.0,0.0,0.0,9430636.054242661
49.0,VGA-GTX-16,Card đồ họa GTX 16-Series,22.0,71485768.0,0.0,40636366.0,48610496.81952331,10.0,22875271.18047669,0.0,4050874.734960276,0.0,0.0,0.0,0.0,0.0,0.0,0.0,0.0,0.0,0.0,0.0,44559622.08456304,0.0,0.0,0.0,0.0,0.0,0.0,0.0,0.0,0.0,0.0
50.0,WST-DRUM,Trống máy in (Drum),67.0,27758000.0,39542987.71539132,18122728.0,11694068.19183812,163.0,55606919.52355319,237599.1102705832,2566992.594085851,0.0,0.0,0.0,513398.5188171702,756795.5885743896,1514094.374173379,439997.0975451395,0.0,527997.0397712421,0.0,3431981.232830419,2206446.014573005,0.0,551611.5036432513,1487192.028892279,2866289.991372559,2719153.894186609,674329.1137044274,3054021.940089139,347911.7721364921,26888249.78323152,452994.3093319844
51.0,WST-INK-REFILL,Mực nạp / Mực đổ lẻ,2359.0,160974409.0,242070101.0532104,102500928.0,70987197.4932322,5453.0,332057312.5599782,5851968.657309726,5629649.61461867,3079982.586799724,527504.9765193271,8007955.887272784,4389940.262008117,0.0,2605683.767212234,5367970.398018198,4779576.721544819,7567958.770367753,3792088.806920809,5614367.611049977,3913808.049274529,5738095.710602545,1964619.49462701,6398091.840917546,6048702.22686644,15523111.54051451,6470995.138044011,18603096.0633034,6091997.158825203,160317501.9870543,24772631.27677104
52.0,WST-PAPER-A4,Giấy in A4,0.0,0.0,0.0,0.0,0.0,6.0,0.0,0.0,0.0,0.0,0.0,0.0,0.0,0.0,0.0,0.0,0.0,0.0,0.0,0.0,0.0,0.0,0.0,0.0,0.0,0.0,0.0,0.0,0.0,0.0,0.0
,,TỔNG CỘNG,,,,,,,,,,,,,,,,,,,,,,,,,,,,,,,
