MẶT HÀNG / VT,ĐVT,TỒN ĐẦU KỲ,Unnamed: 3,NHẬP TRONG KỲ,Unnamed: 5,XUẤT TRONG KỲ,Unnamed: 7,TỒN CUỐI KỲ,Unnamed: 9
,,SL,TIỀN,SL,TIỀN,SL,TIỀN,SL,TIỀN
0.001S-V,Lít,0,0,10727.17,216449145,0,0,10727.17,216449145
81C-01245,Cái,0,0,4,0,0,0,4,0
81C-04800,Cái,0,0,2,0,0,0,2,0
81C-18927,Cái,0,0,2,0,0,0,2,0
AL - SỮA ANLENE,CAI,0,0,11,1147135,3567,226669306,-3556,-370837460
BEL - PHÔ MAI,Thùng,0,0,53013,4867812679,223321,8664032922,-170308,-15638191419.74859
BIA TIGER,Lon,0,0,163,3707616,0,0,163,3707616
BÚT,Hộp,0,0,38,554882.4,0,0,38,554882.4
BỘT CANH,Gói,0,0,2250,7551000,0,0,2250,7551000
BỘT CANH NẤM BÀO NGƯ,Gói,0,0,16000,77895250,0,0,16000,77895250
BỘT CANH NẤM HƯƠNG,Gói,0,0,8300,33144600,0,0,8300,33144600
CHÈ BẠCH QUẢ HẠT SEN,Phần,0,0,2,132000,0,0,2,132000
CHẢ GIÒ ALNN,Hũ,0,0,132,7710120,0,0,132,7710120
CHẢ GIÒ CHAY GÓI,Kg,0,0,9,624880,0,0,9,624880
CHẢ GIÒ CON TÔM GÓI,Kg,0,0,2.75,341808,0,0,2.75,341808
CHẢ GIÒ THẬP CẨM,Gói,0,0,440,20795862,0,0,440,20795862
CHẢ GIÒ THỊT GÓI,Kg,0,0,9,736160,0,0,9,736160
CHẢ GIÒ TÔM CUA,Gói,0,0,225,11123649,0,0,225,11123649
CHẢ GIÒ TÔM CUA GÓI,Kg,0,0,11.5,979320,0,0,11.5,979320
CHẢ GIÒ TÔM THỊT R/GÓI,Gói,0,0,2404,105986896,0,0,2404,105986896
CHẢ GIÒ XỐP CHAY,Gói,0,0,601,22607383,0,0,601,22607383
CLM - GIA VỊ CHOLIMEX,Gói,0,0,720,37200000,2349836.1,22394068461,-2349116.1,-121370998500
CLM - TƯƠNG ỚT (CHUNG),Bình,0,0,374809,2412079546,0,0,374809,2412079546
CON CUOI 16M X32 TET24,CT,0,0,224,399107072,0,0,224,399107072
CON CUOI X36 TET24,CT,0,0,319,358392672,0,0,319,358392672
CON CƯỜI 16M DISNEY23BTS,CT,0,0,156,277949568,0,0,156,277949568
CON CƯỜI VEG6 24M X24,CT,0,0,74,139558080,0,0,74,139558080
CON CƯỜI X36 DISNEY23BTS,CT,0,0,402,451642176,0,0,402,451642176
CON CƯỜI X36 DISNEY23BTS VN::HÀNG KHUYẾN MÃI KHÔNG,CT,0,0,29,0,0,0,29,0
CÔNG THAY PHỤ TÙNG,Xe,0,0,3,150000,0,0,3,150000
CƯỚC DỊCH VIỄN THÔNG TRẢ SAU (DỊCH CHỊU THUẾ),Cái,0,0,12,1417729,0,0,12,1417729
CƯỚC ĐƯỜNG 81C01245T QUA TRẠM GIA LAI THỜI GIAN 08,Lượt,0,0,3,94443,0,0,3,94443
CƯỚC ĐƯỜNG 81C01245T QUA TRẠM GIA LAI THỜI GIAN 09,Lượt,0,0,28,881468,0,0,28,881468
CƯỚC ĐƯỜNG 81C01245T QUA TRẠM GIA LAI THỜI GIAN 10,Lượt,0,0,13,409253,0,0,13,409253
CƯỚC ĐƯỜNG 81C01245T QUA TRẠM GIA LAI THỜI GIAN 11,Lượt,0,0,5,157405,0,0,5,157405
CƯỚC ĐƯỜNG 81C01245T QUA TRẠM GIA LAI THỜI GIAN 13,Lượt,0,0,5,157405,0,0,5,157405
CƯỚC ĐƯỜNG 81C01245T QUA TRẠM GIA LAI THỜI GIAN 15,Lượt,0,0,9,283329,0,0,9,283329
CƯỚC ĐƯỜNG 81C01245T QUA TRẠM GIA LAI THỜI GIAN 16,Lượt,0,0,9,283329,0,0,9,283329
CƯỚC ĐƯỜNG 81C01245T QUA TRẠM GIA LAI THỜI GIAN 17,Lượt,0,0,8,251848,0,0,8,251848
CƯỚC ĐƯỜNG 81C01245T QUA TRẠM GIA LAI THỜI GIAN 18,Lượt,0,0,12,377772,0,0,12,377772
CƯỚC ĐƯỜNG 81C01245T QUA TRẠM GIA LAI THỜI GIAN 19,Lượt,0,0,13,409253,0,0,13,409253
CƯỚC ĐƯỜNG 81C18927T QUA TRẠM KM124+720 QL19 THỜI,Lượt,0,0,65,2965718,0,0,65,2965718
CƯỚC ĐƯỜNG 81C20280T QUA TRẠM GIA LAI THỜI GIAN 09,Lượt,0,0,3,144444,0,0,3,144444
CƯỚC ĐƯỜNG 81C20280T QUA TRẠM GIA LAI THỜI GIAN 18,Lượt,0,0,4,181480,0,0,4,181480
CƯỚC ĐƯỜNG 81C20280T QUA TRẠM GIA LAI THỜI GIAN 19,Lượt,0,0,3,152778,0,0,3,152778
CƯỚC ĐƯỜNG 81C20280T QUA TRẠM KM124+720 QL19 THỜI,Lượt,0,0,6,272220,0,0,6,272220
CẢO HAI MÙA R/GÓI,Gói,0,0,28,937692,0,0,28,937692
CẢO R/GÓI,Gói,0,0,53,1525673,0,0,53,1525673
DỊCH NGÂN HÀNG,Cái,0,0,12,2626000,0,0,12,2626000
DỒI SỤN GIÒN GÓI_,Kg,0,0,9,1199467,0,0,9,1199467
FASHION - GIÀY DÉP,Đôi,0,0,2,24100639,0,0,2,24100639
FASHION - QUẦN ÁO/PHỤ KIỆN,CAI,0,0,42,17727900.5,0,0,42,17727900.5
FASHION - THẮT LƯNG,Cái,0,0,2,21812727,0,0,2,21812727
FOOD - BÁNH (CHUNG),Gói,0,0,2190,75819375,3819,936265398,-1629,-56397151.54109588
FUEL - DẦU DO,Hộp,259.68,4234686.506615294,166314.6,2712146459,0,0,166574.28,2716381145.506615
FUEL - XĂNG,Lít,0,0,1943.59,41438789,0,0,1943.59,41438789
FUNNY GÓI,Kg,0,0,5881.5,407066520,0,0,5881.5,407066520.0000001
GAN HEO_HỘP,Hộp,0,0,10908,212662800,0,0,10908,212662800
GIA KHO,Gói,0,0,8400,39706800,0,0,8400,39706800
GIA KHO GÓI,Gói,0,0,23400,114450000,0,0,23400,114450000
GIA KHO THỊT,Gói,0,0,11401,53887800,0,0,11401,53887799.99999999
GIA KHO THỊT GÓI,Gói,0,0,24613,120391800,0,0,24613,120391800
GIẤY,Ram,0,0,291,9662543.209999999,0,0,291,9662543.209999999
HAPPY GÓI,Kg,0,0,291.5,26644856,0,0,291.5,26644856
HEO HẦM,Hộp,0,0,6960,276566400,0,0,6960,276566400
HEO HẦM 3.B.MAI,Hộp,0,0,576,10001088,0,0,576,10001088
HEO HẦM_HỘP,Hộp,0,0,53830,1227563712,0,0,53830,1227563712
HEO LÁT,Hộp,0,0,336,4977840,0,0,336,4977840
HEO LÁT 3.B.MAI,Hộp,0,0,72302,842996736,0,0,72302,842996735.9999999
HEO LÁT_HỘP,Hộp,0,0,11052,221776920,0,0,11052,221776920
HÀNG ONPACK CHÉN,Cái,0,0,96,0,0,0,96,0
HẠT NÊM CHUẨN THỊT GÓI,Gói,0,0,636,7052760,0,0,636,7052760
HẦM,Hộp,0,0,11099,449862720,0,0,11099,449862720
HẦM (LON IN) HỘP,Hộp,0,0,2088,46094400,0,0,2088,46094400
HẦM_HỘP,Hộp,0,0,22730,661454640,0,0,22730,661454640
KHAI FREE,ML,0,0,2,0,0,0,2,0
KHÁC,kWh,0,0,297,870313,0,0,297,870313
KHÔ SATE THỦY TINH,Chai,0,0,684,9839916,0,0,684,9839916
KHÔNG TÊN,Cái,6,12171692.54166667,144,292120621,0,0,150,304292313.5416666
KHĂN LẠNH,Cái,0,0,80,158442,0,0,80,158442
KINH DOANH,Khối,0,0,22,230032,0,0,22,230032
LOVENOX,Bơm tiêm,0,0,8,623280,0,0,8,623280
LUCKY CÂY GÓI,Kg,0,0,20,2304700,0,0,20,2304700
LÁT 3.B.MAI,Hộp,0,0,9194,103942872,0,0,9194,103942872
LÁT CON CƯỜI BURGER X32,CT,0,0,9,14820320,0,0,9,14820320
LẠP XƯỞNG MQL GÓI,Kg,0,0,2370,431689060,0,0,2370,431689060
LẨU CHUA HẢI SẢN,Chai,0,0,30564,459868536,0,0,30564,459868536
LẨU NL),Suất,0,0,64,20305459,0,0,64,20305459
LẨU THÁI,Phần,0,0,57046,840878736,0,0,57046,840878736
LỌC NHIÊN LIỆU,Cái,0,0,3,745455,0,0,3,745455
LỌC NHỚT,Cái,0,0,4,1248637,0,0,4,1248637
MÁY BAY PXU-SGN,VÉ,0,0,5,3238000,0,0,5,3238000
MÁY BAY PXU-SGN-PXU,VÉ,0,0,11,10388000,0,0,11,10388000
MÁY BAY SGN-PXU,VÉ,0,0,5,3262000,0,0,5,3262000
NATRI CLORID (DN 3/2),Chai,0,0,3,25200,0,0,3,25200
NBT - BÁNH NABATI,Thùng,0,0,69945,12395892506,91995,16348862015,-22050,-3907776535.239117
NGỪ XỐT CAY,Hộp,0,0,96,2334144,0,0,96,2334144
NƯỚC MẮM CAO ĐẠM,Chai,0,0,1274,46513548,0,0,1274,46513548
NƯỚC MẮM CAO ĐẠM (XUÂN),Hộp,0,0,84,12133296,0,0,84,12133296
NƯỚC MẮM CAO ĐẠM 500M (XUÂN),Hộp,0,0,156,16177824,0,0,156,16177824
NƯỚC MẮM CHAY,Chai,0,0,4560,70637040,0,0,4560,70637040
NƯỚC MẮM HƯƠNG VIỆT,Chai,0,0,4402,88385064,0,0,4402,88385064
NƯỚC MẮM HƯƠNG VIỆT PET,Chai,0,0,32285,963298248,0,0,32285,963298248
"NƯỚC TƯƠNG HƯƠNG VIỆT 4,9 LÍT",Bình,0,0,486,25480080,0,0,486,25480080
NƯỚC TƯƠNG HẢO GÓI,Gói,0,0,17600,6334400,0,0,17600,6334400
NƯỚC TƯƠNG HẢO PET,Chai,0,0,19680,285004680,0,0,19680,285004680
NƯỚC TƯƠNG THANH,Chai,0,0,177597,899898960,0,0,177597,899898959.9999999
NƯỚC TƯƠNG ĐẬU NÀNH PET,Chai,0,0,26776,280627788,0,0,26776,280627788
NƯỚNG NGŨ PET,Chai,0,0,6030,45070272,0,0,6030,45070272
OTHER - CÁC MẶT HÀNG KHÁC,Cái,0,0,5636.08,440070614.1,58,821631680,5578.08,435541917.6269549
PHI THUE BAO 07/2023,Cái,0,0,4,209090,0,0,4,209090
PHÍ BẢO HIỂM CỦA HỢP ĐỒNG 035OTBB+230000423,Cái,0,0,2,1720000,0,0,2,1720000
PHÍ BẢO HIỂM CỦA HỢP ĐỒNG 035OTBB+230000424,Cái,0,0,2,913000,0,0,2,913000
PHÍ BẢO HIỂM CỦA HỢP ĐỒNG 035OTBB+230000452,Cái,0,0,2,1720000,0,0,2,1720000
PHÍ DỊCH NGÂN HÀNG,Cái,0,0,190,9976815,0,0,190,9976815
PLC CATER 15W40 CI4 THÙNG LÍT,Thùng,0,0,6,10619545,0,0,6,10619545
POVIDINE,Chai,0,0,0.4,27882,0,0,0.4,27882
QUAN DAI,Cái/PCS,0,0,3,3815454,0,0,3,3815454
QUAN DAI (TRẢ HÀNG),Cái,0,0,-3,-3815454,0,0,-3,0
RTM CTY HOANG HUY PHAT,Cái,0,0,2,46200,0,0,2,46200
SATE,Hũ,0,0,4068,62286876,0,0,4068,62286876
SATE TÔM,Hũ,0,0,102468,3052620384,0,0,102468,3052620384
SATE TÔM PET,Hũ,0,0,320194,2273808024,0,0,320194,2273808024
SATẾ CHAY PET,Hũ,0,0,14688,106911936,0,0,14688,106911936
SATẾ TÔM NHỰA,Chai,0,0,112269,1002318120,0,0,112269,1002318120
SERVICE - CHIẾT KHẤU,.,0,0,467,1954400551,810182,6783827608,-809715,-3388666899685.15
SN - NƯỚC KHOÁNG SANNA,Chai,0,0,7987,256627859,11451,345011839,-3464,-111300726.6277701
SN - YẾN SÀO/NƯỚC YẾN,Hộp,0,0,2658564,45814923301,2423019,48206435600,235545,4059137229.32156
SƯỜN NẤU ĐẬU,Hộp,0,0,336,6713952,0,0,336,6713952
SƯỜN NẤU ĐẬU_HỘP,Hộp,0,0,432,9063834,0,0,432,9063834
THANH TOÁN HÀNG KHUYẾN MÃI (SỈ LẺ) THÁNG 2/2023,Cái,0,0,2,0,0,0,2,0
THU LAI TIEN VAY THANG,Cái,0,0,386,1755147413,0,0,386,1755147413
THU LAI TIEN VAY THANG 12/2023,Cái,0,0,58,145051554,0,0,58,145051554
THỊT HEO,Hộp,0,0,5974,133212816,0,0,5974,133212816
"THỨC ĂN, THỨC UỐNG",bàn,0,0,2,23166363.63,0,0,2,23166363.63
TIỀN PHÍ DỊCH BÁN,Cái,0,0,17,1840065,0,0,17,1840065
TIỀN PHẢI THU: 13.813.657,Cái,0,0,2,0,0,0,2,0
TIỀN PHẢI THU: 3.846.864,Cái,0,0,11,0,0,0,11,0
TIỀN PHẢI THU: 3.918.768,Cái,0,0,6,0,0,0,6,0
TIỀN PHẢI THU: 334.011,Cái,0,0,4,0,0,0,4,0
TIỀN PHẢI THU: 377.496,Cái,0,0,3,0,0,0,3,0
TIỀN PHẢI THU: 5.770.296,Cái,0,0,3,0,0,0,3,0
TIỀN PHẢI THU: 6.270.029,Cái,0,0,2,0,0,0,2,0
TIỀN PHẢI THU: 6.738.282,Cái,0,0,2,0,0,0,2,0
TIỀN PHẢI THU: 7.693.728,Cái,0,0,11,0,0,0,11,0
TIỀN PHẢI THU: 7.837.536,Cái,0,0,3,0,0,0,3,0
TRỢ 0.5% TRÊN DOANH THU THỰC HIỆN T6/2023 SHĐ 0000,Cái,0,0,0,0,21,22530176,-21,-18024140.8
TÔM VIÊN FUNNY_GÓI,Kg,0,0,396.25,27805050,0,0,396.25,27805050
TƯƠNG,Gói,0,0,40480,30188960,0,0,40480,30188960
TƯƠNG CHAI PET,Chai,0,0,91759,1827746592,0,0,91759,1827746592
TƯƠNG CHUA NGỌT PET,Chai,0,0,1920,70041558,0,0,1920,70041558
TƯƠNG GÓI,Gói,0,0,168000,81796800,0,0,168000,81796800
TƯƠNG HỘT,Hũ,0,0,1008,8064000,0,0,1008,8064000
TƯƠNG HỘT PET,Hũ,0,0,2556,21217608,0,0,2556,21217608
TƯƠNG MUỘI PET,Chai,0,0,3426,69635610,0,0,3426,69635610
TƯƠNG ĐEN,Chai,0,0,1838,7987122,0,0,1838,7987122
TƯƠNG ĐEN PHỞ,Chai,0,0,108582,794098338,0,0,108582,794098338
TỔNG CỘNG: CBĐL: 0.3,Cái,0,0,10,0,0,0,10,0
TỔNG CỘNG: CBĐL: 0.6,Cái,0,0,2,0,0,0,2,0
TỔNG CỘNG: CBĐL: 10. 0.7,Cái,0,0,6,0,0,0,6,0
TỔNG CỘNG: CBĐL: 20.,Cái,0,0,2,0,0,0,2,0
TỔNG CỘNG: CBĐL: 25. 1.7,Cái,0,0,3,0,0,0,3,0
TỔNG CỘNG: CBĐL: 35. 1.3,Cái,0,0,3,0,0,0,3,0
TỔNG CỘNG: CBĐL: 35. 2.3,Cái,0,0,3,0,0,0,3,0
TỔNG CỘNG: CBĐL: 37. 0.8,Cái,0,0,2,0,0,0,2,0
TỔNG CỘNG: XXT: 10.,Cái,0,0,2,0,0,0,2,0
TỔNG CỘNG: XXT: 100.,Cái,0,0,15,0,0,0,15,0
TỔNG CỘNG: XXT: 115.,Cái,0,0,3,0,0,0,3,0
TỔNG CỘNG: XXT: 130.,Cái,0,0,2,0,0,0,2,0
TỔNG CỘNG: XXT: 15.,Cái,0,0,2,0,0,0,2,0
TỔNG CỘNG: XXT: 17.,Cái,0,0,4,0,0,0,4,0
TỔNG CỘNG: XXT: 180.,Cái,0,0,2,0,0,0,2,0
TỔNG CỘNG: XXT: 25.,Cái,0,0,2,0,0,0,2,0
TỔNG CỘNG: XXT: 50.,Cái,0,0,17,0,0,0,17,0
TỔNG CỘNG: XXT: 60.,Cái,0,0,4,0,0,0,4,0
TỔNG CỘNG: XXT: 75.,Cái,0,0,5,0,0,0,5,0
TỔNG CỘNG: XXT: 80.,Cái,0,0,3,0,0,0,3,0
TỔNG CỘNG: XXT: 85.,Cái,0,0,4,0,0,0,4,0
TỔNG CỘNG: XXT: 95.,Cái,0,0,2,0,0,0,2,0
TỔNG CỘNG: XXTT: 0.1,Cái,0,0,3,0,0,0,3,0
TỔNG CỘNG: XXTT: 0.3,Cái,0,0,3,0,0,0,3,0
TỔNG CỘNG: XXTT: 16. 1.8,Cái,0,0,2,0,0,0,2,0
TỔNG CỘNG: XXTT: 21. 8.0,Cái,0,0,3,0,0,0,3,0
TỔNG CỘNG: XXTT: 22. 3.2,Cái,0,0,3,0,0,0,3,0
TỔNG CỘNG: XXTT: 25. 3.1,Cái,0,0,2,0,0,0,2,0
TỔNG CỘNG: ĐH: 216. 20.0,Cái,0,0,2,0,0,0,2,0
VIÊN FUNNY_GÓI,Kg,0,0,652,35977856,0,0,652,35977856
VIÊN GÓI,Kg,0,0,538,42178012,0,0,538,42178012
VIÊN NGON,Kg,0,0,200,8686451,0,0,200,8686451
VIÊN NGON_GÓI,Kg,0,0,752.5,51415960,0,0,752.5,51415960
VS - XÚC XÍCH VISSAN,Gói,0,0,3102.5,40191730,623217.78,24244029068,-620115.28,-8033362095.933731
VUÔNG BELCUBE COUNTRY 15C X30,CT,0,0,6,6287670,0,0,6,6287670
VUÔNG BELCUBE DÂU X30 VN::HÀNG KHUYẾN MÃI KHÔNG TH,CT,0,0,50,0,0,0,50,0
VUÔNG BELCUBE HƯƠNG VANI 15CX,CT,0,0,57,30523995,0,0,57,30523995
VUÔNG BELCUBE NGỌT DÂU 15C,CT,0,0,511,272578335,0,0,511,272578335
VUÔNG BELCUBE NGỌT SOCOLA X15C,CT,0,0,294,157316940,0,0,294,157316940
VUÔNG BELCUBE SỮA 15C X15,CT,0,0,1578,834681780,0,0,1578,834681780
VUÔNG BELCUBE SỮA 15C X15 DIS,CT,0,0,162,87927120,0,0,162,87927120
VUÔNG BELCUBE SỮA 15C X15::HÀNG KHUYẾN MÃI KHÔNG T,CT,0,0,103,0,0,0,103,0
VUÔNG BELCUBE SỮA 24C X15,CT,0,0,342,255855420,0,0,342,255855420
VUÔNG BELCUBE SỮA 24C X15 DIS,CT,0,0,66,50875110,0,0,66,50875110
XUẤT HÀNG KHUYẾN MÃI HẠT NÊM 23/12 23/02/2023 TÂY,Cái,0,0,3,0,0,0,3,0
XUẤT HÀNG KHUYẾN MÃI XXTT BOOM BOOM (GÓI) 07/04 30,Cái,0,0,2,0,0,0,2,0
XUẤT HÀNG KHUYẾN MÃI XXTT BOOM BOOM (GÓI) 10/03 31,Cái,0,0,2,0,0,0,2,0
XUẤT HÀNG KHUYẾN MÃI XXTT BOOM BOOM (GÓI) 25/08 30,Cái,0,0,3,0,0,0,3,0
XUẤT HÀNG KHUYẾN MÃI XXTT TOKBOKKI XỐT CHUA NGỌT 1,Cái,0,0,2,0,0,0,2,0
XUẤT TRẢ THƯỞNG TRƯNG BÀY XXDD GOLDEN ĐỢT TÂY NGUY,Cái,0,0,3,0,0,0,3,0
XXTT (GÓI),Kg,0,0,5231.08,468562010,0,0,5231.08,468562010.0000001
XXTT BOOM BOOM,Kg,0,0,275.5,2253020,0,0,275.5,2253020
XXTT BOOM BOOM (5+1)_GÓI,Kg,0,0,3604.218,209110392,0,0,3604.218,209110392
"XXTT BOOM BOOM (HŨ 1,)",Hũ,0,0,1916,133217280,0,0,1916,133217280
XXTT BOOM BOOM GÓI,Kg,0,0,156953.38,8772836228,0,0,156953.38,8772836228
XXTT BOOM BOOM _CA NHỰA,Ca,0,0,2863,175176960,0,0,2863,175176960
XXTT BOOM BOOM _GÓI,Kg,0,0,29534.3,1744870400,0,0,29534.3,1744870400
XXTT BOOM BOOM _HŨ,Hũ,0,0,5474,334870586,0,0,5474,334870586
XXTT DINH DƯỠNG GOLDEN,Kg,0,0,4632.408,351190382,0,0,4632.408,351190382
XXTT DINH DƯỠNG GÓI,Kg,0,0,22242.5,2079495810,0,0,22242.5,2079495810
XXTT DINH DƯỠNG HEO GÓI,Kg,0,0,11619.65,1085073161,0,0,11619.65,1085073161
XXTT DZUI DZUI THÙNG,Kg,0,0,787.5,56955150,0,0,787.5,56955150
XXTT GÓI (T-3.),Kg,0,0,6336,563802624,0,0,6336,563802624
XXTT HEO (GÓI),Kg,0,0,1753.52,159096434,0,0,1753.52,159096434
XXTT HEO GÓI (T-3.),Kg,0,0,3434.4,270689328,0,0,3434.4,270689328
XXTT HEO-BÒ HỘP NHỰA,Kg,0,0,48,4536726,0,0,48,4536726
XXTT LẮC KÊU TỎI_,Ly,0,0,11232,80056531,0,0,11232,80056531
XXTT TRỘN ĐỀU XỐT BBQ_,Ly,0,0,414,2052732,0,0,414,2052732
XXTT TRỘN ĐỀU XỐT CHANH DÂY_,Ly,0,0,704,2052732,0,0,704,2052732
XXTT TRỘN ĐỀU XỐT TAMARIND_,Ly,0,0,20496,146086059,0,0,20496,146086059
XỐT,Hộp,0,0,3204,4609440,0,0,3204,4609440
XỐT BÚN GÓI,Gói,0,0,16320,131236800,0,0,16320,131236800
XỐT BẰM,Gói,0,0,720,16582360,0,0,720,16582360
XỐT CHIÊN NƯỚC MẮM,Gói,0,0,7337,47440920,0,0,7337,47440920
XỐT CHIÊN PET,Chai,0,0,432,7083792,0,0,432,7083792.000000001
XỐT CHUA,Gói,0,0,320,7062560,0,0,320,7062560
XỐT CHUA KETCHUP,Chai,0,0,624,11730840,0,0,624,11730840
XỐT KHO GÓI,Gói,0,0,69714,558292800,0,0,69714,558292800
XỐT KOS,Hộp,0,0,4080,43443840,0,0,4080,43443840
XỐT LẨU KIM CHI PET,Chai,0,0,4565,92887200,0,0,4565,92887200
XỐT LẨU NẤM PET,Chai,0,0,744,13000704,0,0,744,13000704
XỐT LẨU THÁI PET,Bình,0,0,1164,47625492,0,0,1164,47625492
XỐT MAI VÀNG HỘP,Hộp,0,0,3096,27153792,0,0,3096,27153792
XỐT RANG PET,Chai,0,0,40660,462399384,0,0,40660,462399384.0000001
XỐT SƯỜN XÀO CHUA NGỌT,Gói,0,0,8285,72069120,0,0,8285,72069120
XỐT TIÊU ĐEN,Hủ,0,0,108,2584224,0,0,108,2584224
XỐT ƯỚP THỊT CAY,Chai,0,0,2388,19874172,0,0,2388,19874172
XỐT ƯỚP THỊT NƯỚNG,Hũ,0,0,82432,1599134388,0,0,82432,1599134388
XỐT ƯỚP THỊT NƯỚNG GÓI,Gói,0,0,358770,1953661680,0,0,358770,1953661680
XỐT ƯỚP THỊT TRUYỀN THỐNG,Chai,0,0,3908,9314604,0,0,3908,9314604
XỐT ƯỚP XÍU,Gói,0,0,10664,135247932,0,0,10664,135247932
XỐT ƯỚP XÍU GÓI,Gói,0,0,15955,89786040,0,0,15955,89786040
YẾN HỘP,Hộp,0,0,10,45277050,0,0,10,45277050
ĐIỀU CHỈNH THUẾ SUẤT 10% THÀNH CHO HÓA ĐƠN ĐIỆN SỐ,Cái,0,0,3,0,0,0,3,0
