Ngày,GroupCode,Grouped Name,Bán ra,Mua vào
2023-01,GRP-000,0.001S-V,0.0,1709.17
2023-01,GRP-002,81C-04800,0.0,1.0
2023-01,GRP-004,AL - SỮA ANLENE,94.0,0.0
2023-01,GRP-005,BEL - PHÔ MAI,14964.0,5320.0
2023-01,GRP-009,BỘT CANH NẤM BÀO NGƯ,0.0,1250.0
2023-01,GRP-010,BỘT CANH NẤM HƯƠNG,0.0,500.0
2023-01,GRP-012,CHẢ GIÒ ALNN,0.0,24.0
2023-01,GRP-013,CHẢ GIÒ CHAY GÓI,0.0,4.0
2023-01,GRP-015,CHẢ GIÒ THẬP CẨM,0.0,6.0
2023-01,GRP-016,CHẢ GIÒ THỊT GÓI,0.0,4.0
2023-01,GRP-017,CHẢ GIÒ TÔM CUA,0.0,33.0
2023-01,GRP-018,CHẢ GIÒ TÔM CUA GÓI,0.0,1.5
2023-01,GRP-019,CHẢ GIÒ TÔM THỊT R/GÓI,0.0,100.0
2023-01,GRP-021,CLM - GIA VỊ CHOLIMEX,82996.0,0.0
2023-01,GRP-022,CLM - TƯƠNG ỚT (CHUNG),0.0,30122.0
2023-01,GRP-030,CƯỚC DỊCH VIỄN THÔNG TRẢ SAU (DỊCH CHỊU THUẾ),0.0,1.0
2023-01,GRP-047,CẢO R/GÓI,0.0,8.0
2023-01,GRP-049,DỒI SỤN GIÒN GÓI_,0.0,1.0
2023-01,GRP-053,FOOD - BÁNH (CHUNG),215.0,83.0
2023-01,GRP-054,FUEL - DẦU DO,0.0,10594.89
2023-01,GRP-055,FUEL - XĂNG,0.0,477.09000000000003
2023-01,GRP-056,FUNNY GÓI,0.0,520.0
2023-01,GRP-057,GAN HEO_HỘP,0.0,1800.0
2023-01,GRP-058,GIA KHO,0.0,1200.0
2023-01,GRP-060,GIA KHO THỊT,0.0,1800.0
2023-01,GRP-062,GIẤY,0.0,35.0
2023-01,GRP-063,HAPPY GÓI,0.0,75.0
2023-01,GRP-066,HEO HẦM_HỘP,0.0,1800.0
2023-01,GRP-068,HEO LÁT 3.B.MAI,0.0,3240.0
2023-01,GRP-069,HEO LÁT_HỘP,0.0,720.0
2023-01,GRP-070,HÀNG ONPACK CHÉN,0.0,4.0
2023-01,GRP-071,HẠT NÊM CHUẨN THỊT GÓI,0.0,240.0
2023-01,GRP-072,HẦM,0.0,1800.0
2023-01,GRP-076,KHÁC,0.0,75.0
2023-01,GRP-077,KHÔ SATE THỦY TINH,0.0,108.0
2023-01,GRP-078,KHÔNG TÊN,0.0,7.0
2023-01,GRP-080,KINH DOANH,0.0,5.0
2023-01,GRP-082,LUCKY CÂY GÓI,0.0,2.5
2023-01,GRP-083,LÁT 3.B.MAI,0.0,720.0
2023-01,GRP-085,LẠP XƯỞNG MQL GÓI,0.0,100.0
2023-01,GRP-086,LẨU CHUA HẢI SẢN,0.0,3240.0
2023-01,GRP-088,LẨU THÁI,0.0,7680.0
2023-01,GRP-095,NBT - BÁNH NABATI,5865.0,8070.0
2023-01,GRP-097,NƯỚC MẮM CAO ĐẠM,0.0,120.0
2023-01,GRP-101,NƯỚC MẮM HƯƠNG VIỆT,0.0,240.0
2023-01,GRP-102,NƯỚC MẮM HƯƠNG VIỆT PET,0.0,360.0
2023-01,GRP-105,NƯỚC TƯƠNG HẢO PET,0.0,1080.0
2023-01,GRP-106,NƯỚC TƯƠNG THANH,0.0,13368.0
2023-01,GRP-107,NƯỚC TƯƠNG ĐẬU NÀNH PET,0.0,1200.0
2023-01,GRP-109,OTHER - CÁC MẶT HÀNG KHÁC,0.0,45.1
2023-01,GRP-114,PHÍ DỊCH NGÂN HÀNG,0.0,21.0
2023-01,GRP-120,SATE,0.0,540.0
2023-01,GRP-121,SATE TÔM,0.0,11520.0
2023-01,GRP-122,SATE TÔM PET,0.0,28080.0
2023-01,GRP-123,SATẾ CHAY PET,0.0,720.0
2023-01,GRP-124,SATẾ TÔM NHỰA,0.0,7200.0
2023-01,GRP-125,SERVICE - CHIẾT KHẤU,1202.0,40.0
2023-01,GRP-126,SN - NƯỚC KHOÁNG SANNA,3157.0,520.0
2023-01,GRP-127,SN - YẾN SÀO/NƯỚC YẾN,257075.0,386210.0
2023-01,GRP-128,SƯỜN NẤU ĐẬU,0.0,96.0
2023-01,GRP-136,TIỀN PHẢI THU: 13.813.657,0.0,1.0
2023-01,GRP-143,TIỀN PHẢI THU: 6.738.282,0.0,1.0
2023-01,GRP-147,TÔM VIÊN FUNNY_GÓI,0.0,15.0
2023-01,GRP-148,TƯƠNG,0.0,8000.0
2023-01,GRP-149,TƯƠNG CHAI PET,0.0,9480.0
2023-01,GRP-150,TƯƠNG CHUA NGỌT PET,0.0,90.0
2023-01,GRP-152,TƯƠNG HỘT,0.0,180.0
2023-01,GRP-154,TƯƠNG MUỘI PET,0.0,180.0
2023-01,GRP-156,TƯƠNG ĐEN PHỞ,0.0,14640.0
2023-01,GRP-159,TỔNG CỘNG: CBĐL: 10. 0.7,0.0,1.0
2023-01,GRP-171,TỔNG CỘNG: XXT: 180.,0.0,1.0
2023-01,GRP-177,TỔNG CỘNG: XXT: 85.,0.0,1.0
2023-01,GRP-186,VIÊN FUNNY_GÓI,0.0,50.0
2023-01,GRP-187,VIÊN GÓI,0.0,54.0
2023-01,GRP-188,VIÊN NGON,0.0,10.0
2023-01,GRP-189,VIÊN NGON_GÓI,0.0,85.0
2023-01,GRP-190,VS - XÚC XÍCH VISSAN,28634.5,0.0
2023-01,GRP-194,VUÔNG BELCUBE NGỌT DÂU 15C,0.0,15.0
2023-01,GRP-196,VUÔNG BELCUBE SỮA 15C X15,0.0,176.0
2023-01,GRP-198,VUÔNG BELCUBE SỮA 15C X15::HÀNG KHUYẾN MÃI KHÔNG T,0.0,13.0
2023-01,GRP-199,VUÔNG BELCUBE SỮA 24C X15,0.0,60.0
2023-01,GRP-207,XXTT (GÓI),0.0,190.0
2023-01,GRP-209,XXTT BOOM BOOM (5+1)_GÓI,0.0,22.8
2023-01,GRP-210,"XXTT BOOM BOOM (HŨ 1,)",0.0,720.0
2023-01,GRP-211,XXTT BOOM BOOM GÓI,0.0,18354.0
2023-01,GRP-213,XXTT BOOM BOOM _GÓI,0.0,2400.0
2023-01,GRP-214,XXTT BOOM BOOM _HŨ,0.0,720.0
2023-01,GRP-216,XXTT DINH DƯỠNG GÓI,0.0,1890.0
2023-01,GRP-217,XXTT DINH DƯỠNG HEO GÓI,0.0,2030.0
2023-01,GRP-218,XXTT DZUI DZUI THÙNG,0.0,105.0
2023-01,GRP-219,XXTT GÓI (T-3.),0.0,540.0
2023-01,GRP-220,XXTT HEO (GÓI),0.0,140.0
2023-01,GRP-221,XXTT HEO GÓI (T-3.),0.0,396.0
2023-01,GRP-222,XXTT HEO-BÒ HỘP NHỰA,0.0,48.0
2023-01,GRP-226,XXTT TRỘN ĐỀU XỐT TAMARIND_,0.0,1440.0
2023-01,GRP-228,XỐT BÚN GÓI,0.0,1200.0
2023-01,GRP-233,XỐT CHUA KETCHUP,0.0,72.0
2023-01,GRP-234,XỐT KHO GÓI,0.0,4800.0
2023-01,GRP-240,XỐT RANG PET,0.0,6000.0
2023-01,GRP-244,XỐT ƯỚP THỊT NƯỚNG,0.0,8580.0
2023-01,GRP-245,XỐT ƯỚP THỊT NƯỚNG GÓI,0.0,34800.0
2023-01,GRP-247,XỐT ƯỚP XÍU,0.0,1920.0
2023-02,GRP-000,0.001S-V,0.0,977.06
2023-02,GRP-001,81C-01245,0.0,1.0
2023-02,GRP-002,81C-04800,0.0,1.0
2023-02,GRP-003,81C-18927,0.0,1.0
2023-02,GRP-004,AL - SỮA ANLENE,247.0,0.0
2023-02,GRP-005,BEL - PHÔ MAI,14128.0,3645.0
2023-02,GRP-008,BỘT CANH,0.0,500.0
2023-02,GRP-009,BỘT CANH NẤM BÀO NGƯ,0.0,2000.0
2023-02,GRP-010,BỘT CANH NẤM HƯƠNG,0.0,500.0
2023-02,GRP-015,CHẢ GIÒ THẬP CẨM,0.0,48.0
2023-02,GRP-017,CHẢ GIÒ TÔM CUA,0.0,16.0
2023-02,GRP-019,CHẢ GIÒ TÔM THỊT R/GÓI,0.0,160.0
2023-02,GRP-020,CHẢ GIÒ XỐP CHAY,0.0,101.0
2023-02,GRP-021,CLM - GIA VỊ CHOLIMEX,197768.0,0.0
2023-02,GRP-022,CLM - TƯƠNG ỚT (CHUNG),0.0,18692.0
2023-02,GRP-029,CÔNG THAY PHỤ TÙNG,0.0,3.0
2023-02,GRP-030,CƯỚC DỊCH VIỄN THÔNG TRẢ SAU (DỊCH CHỊU THUẾ),0.0,1.0
2023-02,GRP-046,CẢO HAI MÙA R/GÓI,0.0,14.0
2023-02,GRP-047,CẢO R/GÓI,0.0,15.0
2023-02,GRP-048,DỊCH NGÂN HÀNG,0.0,1.0
2023-02,GRP-053,FOOD - BÁNH (CHUNG),832.0,203.0
2023-02,GRP-054,FUEL - DẦU DO,0.0,15649.43
2023-02,GRP-055,FUEL - XĂNG,0.0,511.5
2023-02,GRP-056,FUNNY GÓI,0.0,407.0
2023-02,GRP-058,GIA KHO,0.0,1800.0
2023-02,GRP-060,GIA KHO THỊT,0.0,3000.0
2023-02,GRP-063,HAPPY GÓI,0.0,10.0
2023-02,GRP-066,HEO HẦM_HỘP,0.0,4691.0
2023-02,GRP-068,HEO LÁT 3.B.MAI,0.0,3240.0
2023-02,GRP-070,HÀNG ONPACK CHÉN,0.0,7.0
2023-02,GRP-071,HẠT NÊM CHUẨN THỊT GÓI,0.0,45.0
2023-02,GRP-072,HẦM,0.0,5135.0
2023-02,GRP-076,KHÁC,0.0,38.0
2023-02,GRP-078,KHÔNG TÊN,0.0,7.0
2023-02,GRP-080,KINH DOANH,0.0,4.0
2023-02,GRP-082,LUCKY CÂY GÓI,0.0,2.5
2023-02,GRP-084,LÁT CON CƯỜI BURGER X32,0.0,1.0
2023-02,GRP-085,LẠP XƯỞNG MQL GÓI,0.0,200.0
2023-02,GRP-086,LẨU CHUA HẢI SẢN,0.0,2880.0
2023-02,GRP-088,LẨU THÁI,0.0,6240.0
2023-02,GRP-089,LỌC NHIÊN LIỆU,0.0,3.0
2023-02,GRP-090,LỌC NHỚT,0.0,3.0
2023-02,GRP-092,MÁY BAY PXU-SGN-PXU,0.0,1.0
2023-02,GRP-095,NBT - BÁNH NABATI,5536.0,9121.0
2023-02,GRP-097,NƯỚC MẮM CAO ĐẠM,0.0,60.0
2023-02,GRP-100,NƯỚC MẮM CHAY,0.0,240.0
2023-02,GRP-101,NƯỚC MẮM HƯƠNG VIỆT,0.0,1320.0
2023-02,GRP-102,NƯỚC MẮM HƯƠNG VIỆT PET,0.0,1200.0
2023-02,GRP-104,NƯỚC TƯƠNG HẢO GÓI,0.0,1600.0
2023-02,GRP-105,NƯỚC TƯƠNG HẢO PET,0.0,2160.0
2023-02,GRP-106,NƯỚC TƯƠNG THANH,0.0,13800.0
2023-02,GRP-107,NƯỚC TƯƠNG ĐẬU NÀNH PET,0.0,2160.0
2023-02,GRP-108,NƯỚNG NGŨ PET,0.0,1584.0
2023-02,GRP-109,OTHER - CÁC MẶT HÀNG KHÁC,0.0,87.0
2023-02,GRP-114,PHÍ DỊCH NGÂN HÀNG,0.0,29.0
2023-02,GRP-115,PLC CATER 15W40 CI4 THÙNG LÍT,0.0,1.0
2023-02,GRP-119,RTM CTY HOANG HUY PHAT,0.0,1.0
2023-02,GRP-120,SATE,0.0,180.0
2023-02,GRP-121,SATE TÔM,0.0,4560.0
2023-02,GRP-122,SATE TÔM PET,0.0,26640.0
2023-02,GRP-123,SATẾ CHAY PET,0.0,1800.0
2023-02,GRP-124,SATẾ TÔM NHỰA,0.0,8640.0
2023-02,GRP-125,SERVICE - CHIẾT KHẤU,777.0,37.0
2023-02,GRP-126,SN - NƯỚC KHOÁNG SANNA,120.0,500.0
2023-02,GRP-127,SN - YẾN SÀO/NƯỚC YẾN,166051.0,258950.0
2023-02,GRP-128,SƯỜN NẤU ĐẬU,0.0,240.0
2023-02,GRP-133,THỊT HEO,0.0,142.0
2023-02,GRP-134,"THỨC ĂN, THỨC UỐNG",0.0,1.0
2023-02,GRP-135,TIỀN PHÍ DỊCH BÁN,0.0,1.0
2023-02,GRP-136,TIỀN PHẢI THU: 13.813.657,0.0,1.0
2023-02,GRP-147,TÔM VIÊN FUNNY_GÓI,0.0,47.5
2023-02,GRP-148,TƯƠNG,0.0,16300.0
2023-02,GRP-149,TƯƠNG CHAI PET,0.0,8760.0
2023-02,GRP-150,TƯƠNG CHUA NGỌT PET,0.0,90.0
2023-02,GRP-152,TƯƠNG HỘT,0.0,360.0
2023-02,GRP-154,TƯƠNG MUỘI PET,0.0,300.0
2023-02,GRP-155,TƯƠNG ĐEN,0.0,180.0
2023-02,GRP-156,TƯƠNG ĐEN PHỞ,0.0,14760.0
2023-02,GRP-157,TỔNG CỘNG: CBĐL: 0.3,0.0,1.0
2023-02,GRP-160,TỔNG CỘNG: CBĐL: 20.,0.0,1.0
2023-02,GRP-165,TỔNG CỘNG: XXT: 10.,0.0,1.0
2023-02,GRP-168,TỔNG CỘNG: XXT: 130.,0.0,1.0
2023-02,GRP-170,TỔNG CỘNG: XXT: 17.,0.0,1.0
2023-02,GRP-171,TỔNG CỘNG: XXT: 180.,0.0,1.0
2023-02,GRP-176,TỔNG CỘNG: XXT: 80.,0.0,1.0
2023-02,GRP-179,TỔNG CỘNG: XXTT: 0.1,0.0,1.0
2023-02,GRP-180,TỔNG CỘNG: XXTT: 0.3,0.0,1.0
2023-02,GRP-181,TỔNG CỘNG: XXTT: 16. 1.8,0.0,2.0
2023-02,GRP-186,VIÊN FUNNY_GÓI,0.0,85.0
2023-02,GRP-187,VIÊN GÓI,0.0,58.0
2023-02,GRP-188,VIÊN NGON,0.0,10.0
2023-02,GRP-189,VIÊN NGON_GÓI,0.0,57.5
2023-02,GRP-190,VS - XÚC XÍCH VISSAN,31832.0,329.0
2023-02,GRP-191,VUÔNG BELCUBE COUNTRY 15C X30,0.0,3.0
2023-02,GRP-193,VUÔNG BELCUBE HƯƠNG VANI 15CX,0.0,5.0
2023-02,GRP-194,VUÔNG BELCUBE NGỌT DÂU 15C,0.0,42.0
2023-02,GRP-195,VUÔNG BELCUBE NGỌT SOCOLA X15C,0.0,15.0
2023-02,GRP-196,VUÔNG BELCUBE SỮA 15C X15,0.0,124.0
2023-02,GRP-198,VUÔNG BELCUBE SỮA 15C X15::HÀNG KHUYẾN MÃI KHÔNG T,0.0,11.0
2023-02,GRP-199,VUÔNG BELCUBE SỮA 24C X15,0.0,35.0
2023-02,GRP-201,XUẤT HÀNG KHUYẾN MÃI HẠT NÊM 23/12 23/02/2023 TÂY,0.0,1.0
2023-02,GRP-205,XUẤT HÀNG KHUYẾN MÃI XXTT TOKBOKKI XỐT CHUA NGỌT 1,0.0,2.0
2023-02,GRP-207,XXTT (GÓI),0.0,715.04
2023-02,GRP-208,XXTT BOOM BOOM,0.0,237.5
2023-02,GRP-209,XXTT BOOM BOOM (5+1)_GÓI,0.0,77.52000000000001
2023-02,GRP-210,"XXTT BOOM BOOM (HŨ 1,)",0.0,188.0
2023-02,GRP-211,XXTT BOOM BOOM GÓI,0.0,11546.46
2023-02,GRP-213,XXTT BOOM BOOM _GÓI,0.0,2674.3
2023-02,GRP-214,XXTT BOOM BOOM _HŨ,0.0,738.0
2023-02,GRP-216,XXTT DINH DƯỠNG GÓI,0.0,2485.0
2023-02,GRP-217,XXTT DINH DƯỠNG HEO GÓI,0.0,700.0
2023-02,GRP-218,XXTT DZUI DZUI THÙNG,0.0,84.0
2023-02,GRP-219,XXTT GÓI (T-3.),0.0,828.0
2023-02,GRP-220,XXTT HEO (GÓI),0.0,84.0
2023-02,GRP-221,XXTT HEO GÓI (T-3.),0.0,342.45
2023-02,GRP-226,XXTT TRỘN ĐỀU XỐT TAMARIND_,0.0,480.0
2023-02,GRP-228,XỐT BÚN GÓI,0.0,600.0
2023-02,GRP-233,XỐT CHUA KETCHUP,0.0,120.0
2023-02,GRP-234,XỐT KHO GÓI,0.0,6000.0
2023-02,GRP-237,XỐT LẨU NẤM PET,0.0,72.0
2023-02,GRP-238,XỐT LẨU THÁI PET,0.0,180.0
2023-02,GRP-239,XỐT MAI VÀNG HỘP,0.0,288.0
2023-02,GRP-240,XỐT RANG PET,0.0,5040.0
2023-02,GRP-243,XỐT ƯỚP THỊT CAY,0.0,2040.0
2023-02,GRP-244,XỐT ƯỚP THỊT NƯỚNG,0.0,7440.0
2023-02,GRP-245,XỐT ƯỚP THỊT NƯỚNG GÓI,0.0,24000.0
2023-02,GRP-246,XỐT ƯỚP THỊT TRUYỀN THỐNG,0.0,504.0
2023-02,GRP-247,XỐT ƯỚP XÍU,0.0,888.0
2023-03,GRP-000,0.001S-V,0.0,1230.99
2023-03,GRP-004,AL - SỮA ANLENE,206.0,7.0
2023-03,GRP-005,BEL - PHÔ MAI,12832.0,9043.0
2023-03,GRP-008,BỘT CANH,0.0,500.0
2023-03,GRP-010,BỘT CANH NẤM HƯƠNG,0.0,500.0
2023-03,GRP-011,CHÈ BẠCH QUẢ HẠT SEN,0.0,1.0
2023-03,GRP-012,CHẢ GIÒ ALNN,0.0,12.0
2023-03,GRP-014,CHẢ GIÒ CON TÔM GÓI,0.0,2.75
2023-03,GRP-017,CHẢ GIÒ TÔM CUA,0.0,10.0
2023-03,GRP-019,CHẢ GIÒ TÔM THỊT R/GÓI,0.0,220.0
2023-03,GRP-020,CHẢ GIÒ XỐP CHAY,0.0,35.0
2023-03,GRP-021,CLM - GIA VỊ CHOLIMEX,149635.0,0.0
2023-03,GRP-022,CLM - TƯƠNG ỚT (CHUNG),0.0,28943.0
2023-03,GRP-030,CƯỚC DỊCH VIỄN THÔNG TRẢ SAU (DỊCH CHỊU THUẾ),0.0,1.0
2023-03,GRP-048,DỊCH NGÂN HÀNG,0.0,1.0
2023-03,GRP-049,DỒI SỤN GIÒN GÓI_,0.0,6.0
2023-03,GRP-050,FASHION - GIÀY DÉP,0.0,1.0
2023-03,GRP-051,FASHION - QUẦN ÁO/PHỤ KIỆN,0.0,4.0
2023-03,GRP-053,FOOD - BÁNH (CHUNG),604.0,170.0
2023-03,GRP-054,FUEL - DẦU DO,0.0,14384.89
2023-03,GRP-055,FUEL - XĂNG,0.0,39.95
2023-03,GRP-056,FUNNY GÓI,0.0,500.0
2023-03,GRP-057,GAN HEO_HỘP,0.0,1440.0
2023-03,GRP-058,GIA KHO,0.0,1800.0
2023-03,GRP-060,GIA KHO THỊT,0.0,1801.0
2023-03,GRP-062,GIẤY,0.0,40.0
2023-03,GRP-063,HAPPY GÓI,0.0,15.0
2023-03,GRP-064,HEO HẦM,0.0,720.0
2023-03,GRP-066,HEO HẦM_HỘP,0.0,396.0
2023-03,GRP-068,HEO LÁT 3.B.MAI,0.0,3456.0
2023-03,GRP-069,HEO LÁT_HỘP,0.0,1440.0
2023-03,GRP-070,HÀNG ONPACK CHÉN,0.0,7.0
2023-03,GRP-071,HẠT NÊM CHUẨN THỊT GÓI,0.0,312.0
2023-03,GRP-072,HẦM,0.0,468.0
2023-03,GRP-073,HẦM (LON IN) HỘP,0.0,468.0
2023-03,GRP-075,KHAI FREE,0.0,1.0
2023-03,GRP-076,KHÁC,0.0,24.0
2023-03,GRP-077,KHÔ SATE THỦY TINH,0.0,108.0
2023-03,GRP-078,KHÔNG TÊN,0.0,11.0
2023-03,GRP-079,KHĂN LẠNH,0.0,2.0
2023-03,GRP-080,KINH DOANH,0.0,3.0
2023-03,GRP-081,LOVENOX,0.0,8.0
2023-03,GRP-082,LUCKY CÂY GÓI,0.0,5.0
2023-03,GRP-083,LÁT 3.B.MAI,0.0,1440.0
2023-03,GRP-084,LÁT CON CƯỜI BURGER X32,0.0,1.0
2023-03,GRP-085,LẠP XƯỞNG MQL GÓI,0.0,150.0
2023-03,GRP-086,LẨU CHUA HẢI SẢN,0.0,1536.0
2023-03,GRP-088,LẨU THÁI,0.0,3500.0
2023-03,GRP-091,MÁY BAY PXU-SGN,0.0,1.0
2023-03,GRP-093,MÁY BAY SGN-PXU,0.0,1.0
2023-03,GRP-094,NATRI CLORID (DN 3/2),0.0,3.0
2023-03,GRP-095,NBT - BÁNH NABATI,6275.0,3926.0
2023-03,GRP-097,NƯỚC MẮM CAO ĐẠM,0.0,124.0
2023-03,GRP-100,NƯỚC MẮM CHAY,0.0,240.0
2023-03,GRP-101,NƯỚC MẮM HƯƠNG VIỆT,0.0,2836.0
2023-03,GRP-102,NƯỚC MẮM HƯƠNG VIỆT PET,0.0,3840.0
2023-03,GRP-104,NƯỚC TƯƠNG HẢO GÓI,0.0,1600.0
2023-03,GRP-105,NƯỚC TƯƠNG HẢO PET,0.0,1440.0
2023-03,GRP-106,NƯỚC TƯƠNG THANH,0.0,15133.0
2023-03,GRP-107,NƯỚC TƯƠNG ĐẬU NÀNH PET,0.0,2253.0
2023-03,GRP-109,OTHER - CÁC MẶT HÀNG KHÁC,1.0,303.5
2023-03,GRP-114,PHÍ DỊCH NGÂN HÀNG,0.0,22.0
2023-03,GRP-116,POVIDINE,0.0,0.4
2023-03,GRP-120,SATE,0.0,180.0
2023-03,GRP-121,SATE TÔM,0.0,6952.0
2023-03,GRP-122,SATE TÔM PET,0.0,22683.0
2023-03,GRP-123,SATẾ CHAY PET,0.0,360.0
2023-03,GRP-124,SATẾ TÔM NHỰA,0.0,9716.0
2023-03,GRP-125,SERVICE - CHIẾT KHẤU,800879.0,45.0
2023-03,GRP-126,SN - NƯỚC KHOÁNG SANNA,80.0,2177.0
2023-03,GRP-127,SN - YẾN SÀO/NƯỚC YẾN,253305.0,238089.0
2023-03,GRP-130,THANH TOÁN HÀNG KHUYẾN MÃI (SỈ LẺ) THÁNG 2/2023,0.0,2.0
2023-03,GRP-135,TIỀN PHÍ DỊCH BÁN,0.0,2.0
2023-03,GRP-143,TIỀN PHẢI THU: 6.738.282,0.0,1.0
2023-03,GRP-147,TÔM VIÊN FUNNY_GÓI,0.0,42.5
2023-03,GRP-148,TƯƠNG,0.0,16180.0
2023-03,GRP-149,TƯƠNG CHAI PET,0.0,4820.0
2023-03,GRP-150,TƯƠNG CHUA NGỌT PET,0.0,102.0
2023-03,GRP-152,TƯƠNG HỘT,0.0,180.0
2023-03,GRP-154,TƯƠNG MUỘI PET,0.0,240.0
2023-03,GRP-155,TƯƠNG ĐEN,0.0,160.0
2023-03,GRP-156,TƯƠNG ĐEN PHỞ,0.0,5760.0
2023-03,GRP-158,TỔNG CỘNG: CBĐL: 0.6,0.0,1.0
2023-03,GRP-163,TỔNG CỘNG: CBĐL: 35. 2.3,0.0,1.0
2023-03,GRP-166,TỔNG CỘNG: XXT: 100.,0.0,1.0
2023-03,GRP-168,TỔNG CỘNG: XXT: 130.,0.0,1.0
2023-03,GRP-170,TỔNG CỘNG: XXT: 17.,0.0,1.0
2023-03,GRP-172,TỔNG CỘNG: XXT: 25.,0.0,1.0
2023-03,GRP-175,TỔNG CỘNG: XXT: 75.,0.0,2.0
2023-03,GRP-177,TỔNG CỘNG: XXT: 85.,0.0,1.0
2023-03,GRP-184,TỔNG CỘNG: XXTT: 25. 3.1,0.0,1.0
2023-03,GRP-186,VIÊN FUNNY_GÓI,0.0,85.0
2023-03,GRP-187,VIÊN GÓI,0.0,46.0
2023-03,GRP-188,VIÊN NGON,0.0,25.0
2023-03,GRP-189,VIÊN NGON_GÓI,0.0,72.5
2023-03,GRP-190,VS - XÚC XÍCH VISSAN,41803.1,300.0
2023-03,GRP-193,VUÔNG BELCUBE HƯƠNG VANI 15CX,0.0,6.0
2023-03,GRP-194,VUÔNG BELCUBE NGỌT DÂU 15C,0.0,45.0
2023-03,GRP-195,VUÔNG BELCUBE NGỌT SOCOLA X15C,0.0,30.0
2023-03,GRP-196,VUÔNG BELCUBE SỮA 15C X15,0.0,160.0
2023-03,GRP-198,VUÔNG BELCUBE SỮA 15C X15::HÀNG KHUYẾN MÃI KHÔNG T,0.0,4.0
2023-03,GRP-199,VUÔNG BELCUBE SỮA 24C X15,0.0,30.0
2023-03,GRP-201,XUẤT HÀNG KHUYẾN MÃI HẠT NÊM 23/12 23/02/2023 TÂY,0.0,1.0
2023-03,GRP-207,XXTT (GÓI),0.0,492.92
2023-03,GRP-208,XXTT BOOM BOOM,0.0,38.0
2023-03,GRP-209,XXTT BOOM BOOM (5+1)_GÓI,0.0,510.036
2023-03,GRP-210,"XXTT BOOM BOOM (HŨ 1,)",0.0,80.0
2023-03,GRP-211,XXTT BOOM BOOM GÓI,0.0,13463.625
2023-03,GRP-213,XXTT BOOM BOOM _GÓI,0.0,3003.2
2023-03,GRP-214,XXTT BOOM BOOM _HŨ,0.0,665.0
2023-03,GRP-215,XXTT DINH DƯỠNG GOLDEN,0.0,623.6999999999999
2023-03,GRP-216,XXTT DINH DƯỠNG GÓI,0.0,1925.0
2023-03,GRP-217,XXTT DINH DƯỠNG HEO GÓI,0.0,959.35
2023-03,GRP-218,XXTT DZUI DZUI THÙNG,0.0,73.5
2023-03,GRP-219,XXTT GÓI (T-3.),0.0,720.0
2023-03,GRP-220,XXTT HEO (GÓI),0.0,126.0
2023-03,GRP-221,XXTT HEO GÓI (T-3.),0.0,380.7
2023-03,GRP-223,XXTT LẮC KÊU TỎI_,0.0,1056.0
2023-03,GRP-225,XXTT TRỘN ĐỀU XỐT CHANH DÂY_,0.0,288.0
2023-03,GRP-226,XXTT TRỘN ĐỀU XỐT TAMARIND_,0.0,816.0
2023-03,GRP-228,XỐT BÚN GÓI,0.0,600.0
2023-03,GRP-229,XỐT BẰM,0.0,40.0
2023-03,GRP-231,XỐT CHIÊN PET,0.0,48.0
2023-03,GRP-232,XỐT CHUA,0.0,40.0
2023-03,GRP-234,XỐT KHO GÓI,0.0,3650.0
2023-03,GRP-240,XỐT RANG PET,0.0,2314.0
2023-03,GRP-244,XỐT ƯỚP THỊT NƯỚNG,0.0,5280.0
2023-03,GRP-245,XỐT ƯỚP THỊT NƯỚNG GÓI,0.0,24177.0
2023-03,GRP-246,XỐT ƯỚP THỊT TRUYỀN THỐNG,0.0,2841.0
2023-03,GRP-247,XỐT ƯỚP XÍU,0.0,1688.0
2023-04,GRP-000,0.001S-V,0.0,1392.9
2023-04,GRP-004,AL - SỮA ANLENE,58.0,0.0
2023-04,GRP-005,BEL - PHÔ MAI,32421.0,7774.0
2023-04,GRP-006,BIA TIGER,0.0,163.0
2023-04,GRP-008,BỘT CANH,0.0,500.0
2023-04,GRP-009,BỘT CANH NẤM BÀO NGƯ,0.0,2500.0
2023-04,GRP-010,BỘT CANH NẤM HƯƠNG,0.0,1000.0
2023-04,GRP-015,CHẢ GIÒ THẬP CẨM,0.0,32.0
2023-04,GRP-017,CHẢ GIÒ TÔM CUA,0.0,32.0
2023-04,GRP-019,CHẢ GIÒ TÔM THỊT R/GÓI,0.0,80.0
2023-04,GRP-021,CLM - GIA VỊ CHOLIMEX,119563.0,0.0
2023-04,GRP-022,CLM - TƯƠNG ỚT (CHUNG),0.0,26993.0
2023-04,GRP-030,CƯỚC DỊCH VIỄN THÔNG TRẢ SAU (DỊCH CHỊU THUẾ),0.0,1.0
2023-04,GRP-048,DỊCH NGÂN HÀNG,0.0,1.0
2023-04,GRP-050,FASHION - GIÀY DÉP,0.0,1.0
2023-04,GRP-051,FASHION - QUẦN ÁO/PHỤ KIỆN,0.0,2.0
2023-04,GRP-052,FASHION - THẮT LƯNG,0.0,2.0
2023-04,GRP-053,FOOD - BÁNH (CHUNG),101.0,161.0
2023-04,GRP-054,FUEL - DẦU DO,0.0,21442.12
2023-04,GRP-056,FUNNY GÓI,0.0,560.5
2023-04,GRP-057,GAN HEO_HỘP,0.0,108.0
2023-04,GRP-058,GIA KHO,0.0,3600.0
2023-04,GRP-060,GIA KHO THỊT,0.0,4800.0
2023-04,GRP-063,HAPPY GÓI,0.0,45.0
2023-04,GRP-064,HEO HẦM,0.0,960.0
2023-04,GRP-066,HEO HẦM_HỘP,0.0,10440.0
2023-04,GRP-068,HEO LÁT 3.B.MAI,0.0,15624.0
2023-04,GRP-070,HÀNG ONPACK CHÉN,0.0,1.0
2023-04,GRP-071,HẠT NÊM CHUẨN THỊT GÓI,0.0,39.0
2023-04,GRP-072,HẦM,0.0,960.0
2023-04,GRP-073,HẦM (LON IN) HỘP,0.0,1620.0
2023-04,GRP-074,HẦM_HỘP,0.0,2160.0
2023-04,GRP-076,KHÁC,0.0,16.0
2023-04,GRP-078,KHÔNG TÊN,0.0,7.0
2023-04,GRP-079,KHĂN LẠNH,0.0,76.0
2023-04,GRP-082,LUCKY CÂY GÓI,0.0,10.0
2023-04,GRP-083,LÁT 3.B.MAI,0.0,360.0
2023-04,GRP-085,LẠP XƯỞNG MQL GÓI,0.0,100.0
2023-04,GRP-086,LẨU CHUA HẢI SẢN,0.0,4212.0
2023-04,GRP-087,LẨU NL),0.0,64.0
2023-04,GRP-088,LẨU THÁI,0.0,7489.0
2023-04,GRP-092,MÁY BAY PXU-SGN-PXU,0.0,2.0
2023-04,GRP-095,NBT - BÁNH NABATI,10317.0,7035.0
2023-04,GRP-096,NGỪ XỐT CAY,0.0,48.0
2023-04,GRP-097,NƯỚC MẮM CAO ĐẠM,0.0,120.0
2023-04,GRP-100,NƯỚC MẮM CHAY,0.0,360.0
2023-04,GRP-101,NƯỚC MẮM HƯƠNG VIỆT,0.0,6.0
2023-04,GRP-103,"NƯỚC TƯƠNG HƯƠNG VIỆT 4,9 LÍT",0.0,36.0
2023-04,GRP-104,NƯỚC TƯƠNG HẢO GÓI,0.0,1600.0
2023-04,GRP-106,NƯỚC TƯƠNG THANH,0.0,12204.0
2023-04,GRP-107,NƯỚC TƯƠNG ĐẬU NÀNH PET,0.0,2400.0
2023-04,GRP-109,OTHER - CÁC MẶT HÀNG KHÁC,1.0,2794.0
2023-04,GRP-111,PHÍ BẢO HIỂM CỦA HỢP ĐỒNG 035OTBB+230000423,0.0,2.0
2023-04,GRP-112,PHÍ BẢO HIỂM CỦA HỢP ĐỒNG 035OTBB+230000424,0.0,2.0
2023-04,GRP-114,PHÍ DỊCH NGÂN HÀNG,0.0,14.0
2023-04,GRP-117,QUAN DAI,0.0,3.0
2023-04,GRP-120,SATE,0.0,432.0
2023-04,GRP-121,SATE TÔM,0.0,14400.0
2023-04,GRP-122,SATE TÔM PET,0.0,28800.0
2023-04,GRP-123,SATẾ CHAY PET,0.0,2160.0
2023-04,GRP-124,SATẾ TÔM NHỰA,0.0,18000.0
2023-04,GRP-125,SERVICE - CHIẾT KHẤU,1008.0,40.0
2023-04,GRP-126,SN - NƯỚC KHOÁNG SANNA,180.0,432.0
2023-04,GRP-127,SN - YẾN SÀO/NƯỚC YẾN,168814.0,188603.0
2023-04,GRP-135,TIỀN PHÍ DỊCH BÁN,0.0,2.0
2023-04,GRP-142,TIỀN PHẢI THU: 6.270.029,0.0,2.0
2023-04,GRP-147,TÔM VIÊN FUNNY_GÓI,0.0,5.0
2023-04,GRP-149,TƯƠNG CHAI PET,0.0,11520.0
2023-04,GRP-150,TƯƠNG CHUA NGỌT PET,0.0,288.0
2023-04,GRP-151,TƯƠNG GÓI,0.0,12800.0
2023-04,GRP-152,TƯƠNG HỘT,0.0,288.0
2023-04,GRP-154,TƯƠNG MUỘI PET,0.0,480.0
2023-04,GRP-156,TƯƠNG ĐEN PHỞ,0.0,14640.0
2023-04,GRP-160,TỔNG CỘNG: CBĐL: 20.,0.0,1.0
2023-04,GRP-164,TỔNG CỘNG: CBĐL: 37. 0.8,0.0,1.0
2023-04,GRP-169,TỔNG CỘNG: XXT: 15.,0.0,1.0
2023-04,GRP-174,TỔNG CỘNG: XXT: 60.,0.0,1.0
2023-04,GRP-176,TỔNG CỘNG: XXT: 80.,0.0,2.0
2023-04,GRP-178,TỔNG CỘNG: XXT: 95.,0.0,1.0
2023-04,GRP-182,TỔNG CỘNG: XXTT: 21. 8.0,0.0,1.0
2023-04,GRP-185,TỔNG CỘNG: ĐH: 216. 20.0,0.0,1.0
2023-04,GRP-186,VIÊN FUNNY_GÓI,0.0,65.0
2023-04,GRP-187,VIÊN GÓI,0.0,64.0
2023-04,GRP-189,VIÊN NGON_GÓI,0.0,97.5
2023-04,GRP-190,VS - XÚC XÍCH VISSAN,51426.28,824.5
2023-04,GRP-194,VUÔNG BELCUBE NGỌT DÂU 15C,0.0,25.0
2023-04,GRP-195,VUÔNG BELCUBE NGỌT SOCOLA X15C,0.0,15.0
2023-04,GRP-196,VUÔNG BELCUBE SỮA 15C X15,0.0,160.0
2023-04,GRP-198,VUÔNG BELCUBE SỮA 15C X15::HÀNG KHUYẾN MÃI KHÔNG T,0.0,13.0
2023-04,GRP-199,VUÔNG BELCUBE SỮA 24C X15,0.0,40.0
2023-04,GRP-201,XUẤT HÀNG KHUYẾN MÃI HẠT NÊM 23/12 23/02/2023 TÂY,0.0,1.0
2023-04,GRP-203,XUẤT HÀNG KHUYẾN MÃI XXTT BOOM BOOM (GÓI) 10/03 31,0.0,2.0
2023-04,GRP-207,XXTT (GÓI),0.0,410.44
2023-04,GRP-209,XXTT BOOM BOOM (5+1)_GÓI,0.0,449.616
2023-04,GRP-210,"XXTT BOOM BOOM (HŨ 1,)",0.0,80.0
2023-04,GRP-211,XXTT BOOM BOOM GÓI,0.0,13114.715
2023-04,GRP-213,XXTT BOOM BOOM _GÓI,0.0,2530.2
2023-04,GRP-214,XXTT BOOM BOOM _HŨ,0.0,300.0
2023-04,GRP-215,XXTT DINH DƯỠNG GOLDEN,0.0,1168.2
2023-04,GRP-216,XXTT DINH DƯỠNG GÓI,0.0,1785.0
2023-04,GRP-217,XXTT DINH DƯỠNG HEO GÓI,0.0,1050.0
2023-04,GRP-218,XXTT DZUI DZUI THÙNG,0.0,63.0
2023-04,GRP-219,XXTT GÓI (T-3.),0.0,216.0
2023-04,GRP-220,XXTT HEO (GÓI),0.0,209.72
2023-04,GRP-221,XXTT HEO GÓI (T-3.),0.0,131.4
2023-04,GRP-223,XXTT LẮC KÊU TỎI_,0.0,1056.0
2023-04,GRP-224,XXTT TRỘN ĐỀU XỐT BBQ_,0.0,288.0
2023-04,GRP-226,XXTT TRỘN ĐỀU XỐT TAMARIND_,0.0,3120.0
2023-04,GRP-228,XỐT BÚN GÓI,0.0,1200.0
2023-04,GRP-229,XỐT BẰM,0.0,40.0
2023-04,GRP-231,XỐT CHIÊN PET,0.0,48.0
2023-04,GRP-232,XỐT CHUA,0.0,40.0
2023-04,GRP-233,XỐT CHUA KETCHUP,0.0,120.0
2023-04,GRP-234,XỐT KHO GÓI,0.0,9600.0
2023-04,GRP-238,XỐT LẨU THÁI PET,0.0,168.0
2023-04,GRP-239,XỐT MAI VÀNG HỘP,0.0,2160.0
2023-04,GRP-240,XỐT RANG PET,0.0,5616.0
2023-04,GRP-244,XỐT ƯỚP THỊT NƯỚNG,0.0,9120.0
2023-04,GRP-245,XỐT ƯỚP THỊT NƯỚNG GÓI,0.0,21600.0
2023-04,GRP-247,XỐT ƯỚP XÍU,0.0,2280.0
2023-04,GRP-249,YẾN HỘP,0.0,6.0
2023-05,GRP-000,0.001S-V,0.0,403.59000000000003
2023-05,GRP-001,81C-01245,0.0,1.0
2023-05,GRP-004,AL - SỮA ANLENE,36.0,0.0
2023-05,GRP-005,BEL - PHÔ MAI,21099.0,4142.0
2023-05,GRP-009,BỘT CANH NẤM BÀO NGƯ,0.0,3250.0
2023-05,GRP-010,BỘT CANH NẤM HƯƠNG,0.0,500.0
2023-05,GRP-012,CHẢ GIÒ ALNN,0.0,12.0
2023-05,GRP-015,CHẢ GIÒ THẬP CẨM,0.0,80.0
2023-05,GRP-017,CHẢ GIÒ TÔM CUA,0.0,16.0
2023-05,GRP-019,CHẢ GIÒ TÔM THỊT R/GÓI,0.0,300.0
2023-05,GRP-020,CHẢ GIÒ XỐP CHAY,0.0,96.0
2023-05,GRP-021,CLM - GIA VỊ CHOLIMEX,138026.0,0.0
2023-05,GRP-022,CLM - TƯƠNG ỚT (CHUNG),0.0,43627.0
2023-05,GRP-030,CƯỚC DỊCH VIỄN THÔNG TRẢ SAU (DỊCH CHỊU THUẾ),0.0,1.0
2023-05,GRP-048,DỊCH NGÂN HÀNG,0.0,1.0
2023-05,GRP-053,FOOD - BÁNH (CHUNG),87.0,463.0
2023-05,GRP-054,FUEL - DẦU DO,0.0,9798.23
2023-05,GRP-055,FUEL - XĂNG,0.0,68.35
2023-05,GRP-056,FUNNY GÓI,0.0,502.0
2023-05,GRP-057,GAN HEO_HỘP,0.0,3240.0
2023-05,GRP-059,GIA KHO GÓI,0.0,1800.0
2023-05,GRP-061,GIA KHO THỊT GÓI,0.0,1203.0
2023-05,GRP-062,GIẤY,0.0,60.0
2023-05,GRP-063,HAPPY GÓI,0.0,15.0
2023-05,GRP-064,HEO HẦM,0.0,4800.0
2023-05,GRP-066,HEO HẦM_HỘP,0.0,4644.0
2023-05,GRP-068,HEO LÁT 3.B.MAI,0.0,1562.0
2023-05,GRP-069,HEO LÁT_HỘP,0.0,2160.0
2023-05,GRP-070,HÀNG ONPACK CHÉN,0.0,10.0
2023-05,GRP-072,HẦM,0.0,96.0
2023-05,GRP-074,HẦM_HỘP,0.0,1656.0
2023-05,GRP-076,KHÁC,0.0,92.0
2023-05,GRP-077,KHÔ SATE THỦY TINH,0.0,144.0
2023-05,GRP-078,KHÔNG TÊN,0.0,15.0
2023-05,GRP-080,KINH DOANH,0.0,5.0
2023-05,GRP-083,LÁT 3.B.MAI,0.0,3384.0
2023-05,GRP-084,LÁT CON CƯỜI BURGER X32,0.0,1.0
2023-05,GRP-085,LẠP XƯỞNG MQL GÓI,0.0,150.0
2023-05,GRP-086,LẨU CHUA HẢI SẢN,0.0,1500.0
2023-05,GRP-088,LẨU THÁI,0.0,4877.0
2023-05,GRP-092,MÁY BAY PXU-SGN-PXU,0.0,1.0
2023-05,GRP-095,NBT - BÁNH NABATI,8725.0,4934.0
2023-05,GRP-097,NƯỚC MẮM CAO ĐẠM,0.0,168.0
2023-05,GRP-102,NƯỚC MẮM HƯƠNG VIỆT PET,0.0,4946.0
2023-05,GRP-103,"NƯỚC TƯƠNG HƯƠNG VIỆT 4,9 LÍT",0.0,45.0
2023-05,GRP-105,NƯỚC TƯƠNG HẢO PET,0.0,1920.0
2023-05,GRP-106,NƯỚC TƯƠNG THANH,0.0,18253.0
2023-05,GRP-107,NƯỚC TƯƠNG ĐẬU NÀNH PET,0.0,2439.0
2023-05,GRP-108,NƯỚNG NGŨ PET,0.0,126.0
2023-05,GRP-109,OTHER - CÁC MẶT HÀNG KHÁC,1.0,430.0
2023-05,GRP-113,PHÍ BẢO HIỂM CỦA HỢP ĐỒNG 035OTBB+230000452,0.0,2.0
2023-05,GRP-114,PHÍ DỊCH NGÂN HÀNG,0.0,13.0
2023-05,GRP-118,QUAN DAI (TRẢ HÀNG),0.0,-3.0
2023-05,GRP-120,SATE,0.0,180.0
2023-05,GRP-121,SATE TÔM,0.0,8712.0
2023-05,GRP-122,SATE TÔM PET,0.0,29928.0
2023-05,GRP-124,SATẾ TÔM NHỰA,0.0,153.0
2023-05,GRP-125,SERVICE - CHIẾT KHẤU,1050.0,37.0
2023-05,GRP-126,SN - NƯỚC KHOÁNG SANNA,265.0,416.0
2023-05,GRP-127,SN - YẾN SÀO/NƯỚC YẾN,252415.0,246504.0
2023-05,GRP-133,THỊT HEO,0.0,5184.0
2023-05,GRP-135,TIỀN PHÍ DỊCH BÁN,0.0,1.0
2023-05,GRP-138,TIỀN PHẢI THU: 3.918.768,0.0,2.0
2023-05,GRP-139,TIỀN PHẢI THU: 334.011,0.0,3.0
2023-05,GRP-145,TIỀN PHẢI THU: 7.837.536,0.0,2.0
2023-05,GRP-147,TÔM VIÊN FUNNY_GÓI,0.0,35.0
2023-05,GRP-149,TƯƠNG CHAI PET,0.0,6064.0
2023-05,GRP-150,TƯƠNG CHUA NGỌT PET,0.0,120.0
2023-05,GRP-151,TƯƠNG GÓI,0.0,36000.0
2023-05,GRP-153,TƯƠNG HỘT PET,0.0,180.0
2023-05,GRP-155,TƯƠNG ĐEN,0.0,168.0
2023-05,GRP-157,TỔNG CỘNG: CBĐL: 0.3,0.0,3.0
2023-05,GRP-161,TỔNG CỘNG: CBĐL: 25. 1.7,0.0,1.0
2023-05,GRP-166,TỔNG CỘNG: XXT: 100.,0.0,2.0
2023-05,GRP-167,TỔNG CỘNG: XXT: 115.,0.0,1.0
2023-05,GRP-170,TỔNG CỘNG: XXT: 17.,0.0,1.0
2023-05,GRP-173,TỔNG CỘNG: XXT: 50.,0.0,2.0
2023-05,GRP-177,TỔNG CỘNG: XXT: 85.,0.0,1.0
2023-05,GRP-179,TỔNG CỘNG: XXTT: 0.1,0.0,1.0
2023-05,GRP-182,TỔNG CỘNG: XXTT: 21. 8.0,0.0,1.0
2023-05,GRP-183,TỔNG CỘNG: XXTT: 22. 3.2,0.0,1.0
2023-05,GRP-185,TỔNG CỘNG: ĐH: 216. 20.0,0.0,1.0
2023-05,GRP-186,VIÊN FUNNY_GÓI,0.0,75.0
2023-05,GRP-187,VIÊN GÓI,0.0,54.0
2023-05,GRP-189,VIÊN NGON_GÓI,0.0,115.0
2023-05,GRP-190,VS - XÚC XÍCH VISSAN,69088.26,207.5
2023-05,GRP-193,VUÔNG BELCUBE HƯƠNG VANI 15CX,0.0,4.0
2023-05,GRP-194,VUÔNG BELCUBE NGỌT DÂU 15C,0.0,58.0
2023-05,GRP-195,VUÔNG BELCUBE NGỌT SOCOLA X15C,0.0,41.0
2023-05,GRP-196,VUÔNG BELCUBE SỮA 15C X15,0.0,150.0
2023-05,GRP-198,VUÔNG BELCUBE SỮA 15C X15::HÀNG KHUYẾN MÃI KHÔNG T,0.0,8.0
2023-05,GRP-199,VUÔNG BELCUBE SỮA 24C X15,0.0,40.0
2023-05,GRP-202,XUẤT HÀNG KHUYẾN MÃI XXTT BOOM BOOM (GÓI) 07/04 30,0.0,2.0
2023-05,GRP-207,XXTT (GÓI),0.0,393.12
2023-05,GRP-209,XXTT BOOM BOOM (5+1)_GÓI,0.0,156.40800000000002
2023-05,GRP-210,"XXTT BOOM BOOM (HŨ 1,)",0.0,120.0
2023-05,GRP-211,XXTT BOOM BOOM GÓI,0.0,15014.975
2023-05,GRP-213,XXTT BOOM BOOM _GÓI,0.0,2640.8
2023-05,GRP-214,XXTT BOOM BOOM _HŨ,0.0,484.0
2023-05,GRP-215,XXTT DINH DƯỠNG GOLDEN,0.0,384.516
2023-05,GRP-216,XXTT DINH DƯỠNG GÓI,0.0,2117.5
2023-05,GRP-217,XXTT DINH DƯỠNG HEO GÓI,0.0,892.675
2023-05,GRP-218,XXTT DZUI DZUI THÙNG,0.0,94.5
2023-05,GRP-219,XXTT GÓI (T-3.),0.0,576.0
2023-05,GRP-220,XXTT HEO (GÓI),0.0,252.56
2023-05,GRP-221,XXTT HEO GÓI (T-3.),0.0,307.8
2023-05,GRP-223,XXTT LẮC KÊU TỎI_,0.0,960.0
2023-05,GRP-226,XXTT TRỘN ĐỀU XỐT TAMARIND_,0.0,2880.0
2023-05,GRP-227,XỐT,0.0,1080.0
2023-05,GRP-228,XỐT BÚN GÓI,0.0,1800.0
2023-05,GRP-229,XỐT BẰM,0.0,40.0
2023-05,GRP-234,XỐT KHO GÓI,0.0,3047.0
2023-05,GRP-238,XỐT LẨU THÁI PET,0.0,120.0
2023-05,GRP-239,XỐT MAI VÀNG HỘP,0.0,216.0
2023-05,GRP-240,XỐT RANG PET,0.0,2675.0
2023-05,GRP-244,XỐT ƯỚP THỊT NƯỚNG,0.0,8760.0
2023-05,GRP-245,XỐT ƯỚP THỊT NƯỚNG GÓI,0.0,44955.0
2023-05,GRP-248,XỐT ƯỚP XÍU GÓI,0.0,2513.0
2023-05,GRP-249,YẾN HỘP,0.0,1.0
2023-06,GRP-000,0.001S-V,0.0,697.08
2023-06,GRP-001,81C-01245,0.0,2.0
2023-06,GRP-004,AL - SỮA ANLENE,23.0,2.0
2023-06,GRP-005,BEL - PHÔ MAI,13941.0,4708.0
2023-06,GRP-007,BÚT,0.0,6.0
2023-06,GRP-009,BỘT CANH NẤM BÀO NGƯ,0.0,1500.0
2023-06,GRP-010,BỘT CANH NẤM HƯƠNG,0.0,1000.0
2023-06,GRP-015,CHẢ GIÒ THẬP CẨM,0.0,48.0
2023-06,GRP-017,CHẢ GIÒ TÔM CUA,0.0,32.0
2023-06,GRP-019,CHẢ GIÒ TÔM THỊT R/GÓI,0.0,200.0
2023-06,GRP-020,CHẢ GIÒ XỐP CHAY,0.0,70.0
2023-06,GRP-021,CLM - GIA VỊ CHOLIMEX,179587.0,0.0
2023-06,GRP-022,CLM - TƯƠNG ỚT (CHUNG),0.0,40779.0
2023-06,GRP-030,CƯỚC DỊCH VIỄN THÔNG TRẢ SAU (DỊCH CHỊU THUẾ),0.0,1.0
2023-06,GRP-047,CẢO R/GÓI,0.0,15.0
2023-06,GRP-048,DỊCH NGÂN HÀNG,0.0,1.0
2023-06,GRP-051,FASHION - QUẦN ÁO/PHỤ KIỆN,0.0,8.0
2023-06,GRP-053,FOOD - BÁNH (CHUNG),90.0,103.0
2023-06,GRP-054,FUEL - DẦU DO,0.0,12494.6
2023-06,GRP-055,FUEL - XĂNG,0.0,35.41
2023-06,GRP-056,FUNNY GÓI,0.0,380.0
2023-06,GRP-059,GIA KHO GÓI,0.0,2400.0
2023-06,GRP-061,GIA KHO THỊT GÓI,0.0,2401.0
2023-06,GRP-063,HAPPY GÓI,0.0,10.0
2023-06,GRP-066,HEO HẦM_HỘP,0.0,7560.0
2023-06,GRP-068,HEO LÁT 3.B.MAI,0.0,504.0
2023-06,GRP-069,HEO LÁT_HỘP,0.0,6120.0
2023-06,GRP-070,HÀNG ONPACK CHÉN,0.0,7.0
2023-06,GRP-072,HẦM,0.0,2400.0
2023-06,GRP-076,KHÁC,0.0,52.0
2023-06,GRP-078,KHÔNG TÊN,0.0,15.0
2023-06,GRP-080,KINH DOANH,0.0,3.0
2023-06,GRP-084,LÁT CON CƯỜI BURGER X32,0.0,1.0
2023-06,GRP-085,LẠP XƯỞNG MQL GÓI,0.0,50.0
2023-06,GRP-086,LẨU CHUA HẢI SẢN,0.0,1836.0
2023-06,GRP-088,LẨU THÁI,0.0,5124.0
2023-06,GRP-091,MÁY BAY PXU-SGN,0.0,1.0
2023-06,GRP-093,MÁY BAY SGN-PXU,0.0,1.0
2023-06,GRP-095,NBT - BÁNH NABATI,5398.0,4261.0
2023-06,GRP-097,NƯỚC MẮM CAO ĐẠM,0.0,166.0
2023-06,GRP-100,NƯỚC MẮM CHAY,0.0,480.0
2023-06,GRP-102,NƯỚC MẮM HƯƠNG VIỆT PET,0.0,2643.0
2023-06,GRP-103,"NƯỚC TƯƠNG HƯƠNG VIỆT 4,9 LÍT",0.0,45.0
2023-06,GRP-104,NƯỚC TƯƠNG HẢO GÓI,0.0,2400.0
2023-06,GRP-105,NƯỚC TƯƠNG HẢO PET,0.0,1920.0
2023-06,GRP-106,NƯỚC TƯƠNG THANH,0.0,16799.0
2023-06,GRP-107,NƯỚC TƯƠNG ĐẬU NÀNH PET,0.0,1448.0
2023-06,GRP-108,NƯỚNG NGŨ PET,0.0,360.0
2023-06,GRP-109,OTHER - CÁC MẶT HÀNG KHÁC,2.0,89.0
2023-06,GRP-114,PHÍ DỊCH NGÂN HÀNG,0.0,8.0
2023-06,GRP-120,SATE,0.0,360.0
2023-06,GRP-121,SATE TÔM,0.0,5664.0
2023-06,GRP-122,SATE TÔM PET,0.0,16276.0
2023-06,GRP-123,SATẾ CHAY PET,0.0,2160.0
2023-06,GRP-124,SATẾ TÔM NHỰA,0.0,11660.0
2023-06,GRP-125,SERVICE - CHIẾT KHẤU,731.0,38.0
2023-06,GRP-126,SN - NƯỚC KHOÁNG SANNA,779.0,260.0
2023-06,GRP-127,SN - YẾN SÀO/NƯỚC YẾN,74923.0,312086.0
2023-06,GRP-135,TIỀN PHÍ DỊCH BÁN,0.0,2.0
2023-06,GRP-138,TIỀN PHẢI THU: 3.918.768,0.0,4.0
2023-06,GRP-139,TIỀN PHẢI THU: 334.011,0.0,1.0
2023-06,GRP-145,TIỀN PHẢI THU: 7.837.536,0.0,1.0
2023-06,GRP-147,TÔM VIÊN FUNNY_GÓI,0.0,40.0
2023-06,GRP-149,TƯƠNG CHAI PET,0.0,7715.0
2023-06,GRP-150,TƯƠNG CHUA NGỌT PET,0.0,162.0
2023-06,GRP-151,TƯƠNG GÓI,0.0,28000.0
2023-06,GRP-153,TƯƠNG HỘT PET,0.0,360.0
2023-06,GRP-154,TƯƠNG MUỘI PET,0.0,330.0
2023-06,GRP-155,TƯƠNG ĐEN,0.0,32.0
2023-06,GRP-156,TƯƠNG ĐEN PHỞ,0.0,12120.0
2023-06,GRP-157,TỔNG CỘNG: CBĐL: 0.3,0.0,2.0
2023-06,GRP-159,TỔNG CỘNG: CBĐL: 10. 0.7,0.0,1.0
2023-06,GRP-166,TỔNG CỘNG: XXT: 100.,0.0,1.0
2023-06,GRP-173,TỔNG CỘNG: XXT: 50.,0.0,4.0
2023-06,GRP-174,TỔNG CỘNG: XXT: 60.,0.0,1.0
2023-06,GRP-186,VIÊN FUNNY_GÓI,0.0,35.0
2023-06,GRP-187,VIÊN GÓI,0.0,34.0
2023-06,GRP-189,VIÊN NGON_GÓI,0.0,40.0
2023-06,GRP-190,VS - XÚC XÍCH VISSAN,26281.24,160.0
2023-06,GRP-191,VUÔNG BELCUBE COUNTRY 15C X30,0.0,3.0
2023-06,GRP-193,VUÔNG BELCUBE HƯƠNG VANI 15CX,0.0,3.0
2023-06,GRP-194,VUÔNG BELCUBE NGỌT DÂU 15C,0.0,30.0
2023-06,GRP-195,VUÔNG BELCUBE NGỌT SOCOLA X15C,0.0,20.0
2023-06,GRP-196,VUÔNG BELCUBE SỮA 15C X15,0.0,165.0
2023-06,GRP-198,VUÔNG BELCUBE SỮA 15C X15::HÀNG KHUYẾN MÃI KHÔNG T,0.0,9.0
2023-06,GRP-199,VUÔNG BELCUBE SỮA 24C X15,0.0,25.0
2023-06,GRP-207,XXTT (GÓI),0.0,380.0
2023-06,GRP-209,XXTT BOOM BOOM (5+1)_GÓI,0.0,182.4
2023-06,GRP-210,"XXTT BOOM BOOM (HŨ 1,)",0.0,120.0
2023-06,GRP-211,XXTT BOOM BOOM GÓI,0.0,13133.0
2023-06,GRP-213,XXTT BOOM BOOM _GÓI,0.0,3000.0
2023-06,GRP-214,XXTT BOOM BOOM _HŨ,0.0,480.0
2023-06,GRP-215,XXTT DINH DƯỠNG GOLDEN,0.0,293.03999999999996
2023-06,GRP-216,XXTT DINH DƯỠNG GÓI,0.0,2100.0
2023-06,GRP-217,XXTT DINH DƯỠNG HEO GÓI,0.0,842.625
2023-06,GRP-218,XXTT DZUI DZUI THÙNG,0.0,52.5
2023-06,GRP-219,XXTT GÓI (T-3.),0.0,432.0
2023-06,GRP-220,XXTT HEO (GÓI),0.0,175.0
2023-06,GRP-221,XXTT HEO GÓI (T-3.),0.0,406.35
2023-06,GRP-223,XXTT LẮC KÊU TỎI_,0.0,480.0
2023-06,GRP-226,XXTT TRỘN ĐỀU XỐT TAMARIND_,0.0,1440.0
2023-06,GRP-227,XỐT,0.0,540.0
2023-06,GRP-228,XỐT BÚN GÓI,0.0,1920.0
2023-06,GRP-229,XỐT BẰM,0.0,80.0
2023-06,GRP-232,XỐT CHUA,0.0,40.0
2023-06,GRP-233,XỐT CHUA KETCHUP,0.0,24.0
2023-06,GRP-234,XỐT KHO GÓI,0.0,3017.0
2023-06,GRP-238,XỐT LẨU THÁI PET,0.0,60.0
2023-06,GRP-240,XỐT RANG PET,0.0,3875.0
2023-06,GRP-242,XỐT TIÊU ĐEN,0.0,36.0
2023-06,GRP-244,XỐT ƯỚP THỊT NƯỚNG,0.0,6384.0
2023-06,GRP-245,XỐT ƯỚP THỊT NƯỚNG GÓI,0.0,36300.0
2023-06,GRP-247,XỐT ƯỚP XÍU,0.0,540.0
2023-06,GRP-248,XỐT ƯỚP XÍU GÓI,0.0,2470.0
2023-06,GRP-250,ĐIỀU CHỈNH THUẾ SUẤT 10% THÀNH CHO HÓA ĐƠN ĐIỆN SỐ,0.0,1.0
2023-07,GRP-000,0.001S-V,0.0,1289.39
2023-07,GRP-004,AL - SỮA ANLENE,60.0,2.0
2023-07,GRP-005,BEL - PHÔ MAI,27845.0,3720.0
2023-07,GRP-010,BỘT CANH NẤM HƯƠNG,0.0,500.0
2023-07,GRP-011,CHÈ BẠCH QUẢ HẠT SEN,0.0,1.0
2023-07,GRP-012,CHẢ GIÒ ALNN,0.0,12.0
2023-07,GRP-015,CHẢ GIÒ THẬP CẨM,0.0,60.0
2023-07,GRP-017,CHẢ GIÒ TÔM CUA,0.0,16.0
2023-07,GRP-019,CHẢ GIÒ TÔM THỊT R/GÓI,0.0,201.0
2023-07,GRP-020,CHẢ GIÒ XỐP CHAY,0.0,32.0
2023-07,GRP-021,CLM - GIA VỊ CHOLIMEX,355291.0,0.0
2023-07,GRP-022,CLM - TƯƠNG ỚT (CHUNG),0.0,30389.0
2023-07,GRP-025,CON CƯỜI 16M DISNEY23BTS,0.0,96.0
2023-07,GRP-026,CON CƯỜI VEG6 24M X24,0.0,4.0
2023-07,GRP-027,CON CƯỜI X36 DISNEY23BTS,0.0,212.0
2023-07,GRP-028,CON CƯỜI X36 DISNEY23BTS VN::HÀNG KHUYẾN MÃI KHÔNG,0.0,12.0
2023-07,GRP-030,CƯỚC DỊCH VIỄN THÔNG TRẢ SAU (DỊCH CHỊU THUẾ),0.0,1.0
2023-07,GRP-048,DỊCH NGÂN HÀNG,0.0,1.0
2023-07,GRP-049,DỒI SỤN GIÒN GÓI_,0.0,2.0
2023-07,GRP-051,FASHION - QUẦN ÁO/PHỤ KIỆN,0.0,3.0
2023-07,GRP-053,FOOD - BÁNH (CHUNG),0.0,88.0
2023-07,GRP-054,FUEL - DẦU DO,0.0,10314.24
2023-07,GRP-055,FUEL - XĂNG,0.0,317.5
2023-07,GRP-056,FUNNY GÓI,0.0,425.5
2023-07,GRP-057,GAN HEO_HỘP,0.0,360.0
2023-07,GRP-059,GIA KHO GÓI,0.0,3840.0
2023-07,GRP-061,GIA KHO THỊT GÓI,0.0,4443.0
2023-07,GRP-062,GIẤY,0.0,65.0
2023-07,GRP-063,HAPPY GÓI,0.0,35.0
2023-07,GRP-064,HEO HẦM,0.0,480.0
2023-07,GRP-065,HEO HẦM 3.B.MAI,0.0,144.0
2023-07,GRP-066,HEO HẦM_HỘP,0.0,1476.0
2023-07,GRP-068,HEO LÁT 3.B.MAI,0.0,3456.0
2023-07,GRP-069,HEO LÁT_HỘP,0.0,612.0
2023-07,GRP-070,HÀNG ONPACK CHÉN,0.0,9.0
2023-07,GRP-072,HẦM,0.0,240.0
2023-07,GRP-074,HẦM_HỘP,0.0,4464.0
2023-07,GRP-075,KHAI FREE,0.0,1.0
2023-07,GRP-077,KHÔ SATE THỦY TINH,0.0,72.0
2023-07,GRP-078,KHÔNG TÊN,0.0,11.0
2023-07,GRP-079,KHĂN LẠNH,0.0,2.0
2023-07,GRP-080,KINH DOANH,0.0,2.0
2023-07,GRP-083,LÁT 3.B.MAI,0.0,338.0
2023-07,GRP-085,LẠP XƯỞNG MQL GÓI,0.0,240.0
2023-07,GRP-086,LẨU CHUA HẢI SẢN,0.0,1824.0
2023-07,GRP-088,LẨU THÁI,0.0,3155.0
2023-07,GRP-091,MÁY BAY PXU-SGN,0.0,1.0
2023-07,GRP-093,MÁY BAY SGN-PXU,0.0,1.0
2023-07,GRP-095,NBT - BÁNH NABATI,6227.0,4505.0
2023-07,GRP-097,NƯỚC MẮM CAO ĐẠM,0.0,240.0
2023-07,GRP-100,NƯỚC MẮM CHAY,0.0,480.0
2023-07,GRP-102,NƯỚC MẮM HƯƠNG VIỆT PET,0.0,3726.0
2023-07,GRP-103,"NƯỚC TƯƠNG HƯƠNG VIỆT 4,9 LÍT",0.0,48.0
2023-07,GRP-105,NƯỚC TƯƠNG HẢO PET,0.0,2160.0
2023-07,GRP-106,NƯỚC TƯƠNG THANH,0.0,10695.0
2023-07,GRP-107,NƯỚC TƯƠNG ĐẬU NÀNH PET,0.0,1289.0
2023-07,GRP-108,NƯỚNG NGŨ PET,0.0,360.0
2023-07,GRP-109,OTHER - CÁC MẶT HÀNG KHÁC,0.0,326.0
2023-07,GRP-110,PHI THUE BAO 07/2023,0.0,4.0
2023-07,GRP-114,PHÍ DỊCH NGÂN HÀNG,0.0,15.0
2023-07,GRP-120,SATE,0.0,216.0
2023-07,GRP-121,SATE TÔM,0.0,6128.0
2023-07,GRP-122,SATE TÔM PET,0.0,30532.0
2023-07,GRP-123,SATẾ CHAY PET,0.0,720.0
2023-07,GRP-124,SATẾ TÔM NHỰA,0.0,12397.0
2023-07,GRP-125,SERVICE - CHIẾT KHẤU,1169.0,35.0
2023-07,GRP-126,SN - NƯỚC KHOÁNG SANNA,937.0,1222.0
2023-07,GRP-127,SN - YẾN SÀO/NƯỚC YẾN,304770.0,91581.0
2023-07,GRP-133,THỊT HEO,0.0,504.0
2023-07,GRP-134,"THỨC ĂN, THỨC UỐNG",0.0,1.0
2023-07,GRP-135,TIỀN PHÍ DỊCH BÁN,0.0,2.0
2023-07,GRP-137,TIỀN PHẢI THU: 3.846.864,0.0,1.0
2023-07,GRP-140,TIỀN PHẢI THU: 377.496,0.0,2.0
2023-07,GRP-144,TIỀN PHẢI THU: 7.693.728,0.0,1.0
2023-07,GRP-147,TÔM VIÊN FUNNY_GÓI,0.0,25.0
2023-07,GRP-149,TƯƠNG CHAI PET,0.0,6705.0
2023-07,GRP-150,TƯƠNG CHUA NGỌT PET,0.0,138.0
2023-07,GRP-151,TƯƠNG GÓI,0.0,12000.0
2023-07,GRP-153,TƯƠNG HỘT PET,0.0,252.0
2023-07,GRP-154,TƯƠNG MUỘI PET,0.0,222.0
2023-07,GRP-155,TƯƠNG ĐEN,0.0,96.0
2023-07,GRP-156,TƯƠNG ĐEN PHỞ,0.0,8520.0
2023-07,GRP-157,TỔNG CỘNG: CBĐL: 0.3,0.0,2.0
2023-07,GRP-161,TỔNG CỘNG: CBĐL: 25. 1.7,0.0,1.0
2023-07,GRP-164,TỔNG CỘNG: CBĐL: 37. 0.8,0.0,1.0
2023-07,GRP-165,TỔNG CỘNG: XXT: 10.,0.0,1.0
2023-07,GRP-166,TỔNG CỘNG: XXT: 100.,0.0,1.0
2023-07,GRP-167,TỔNG CỘNG: XXT: 115.,0.0,1.0
2023-07,GRP-169,TỔNG CỘNG: XXT: 15.,0.0,1.0
2023-07,GRP-172,TỔNG CỘNG: XXT: 25.,0.0,1.0
2023-07,GRP-173,TỔNG CỘNG: XXT: 50.,0.0,1.0
2023-07,GRP-174,TỔNG CỘNG: XXT: 60.,0.0,1.0
2023-07,GRP-177,TỔNG CỘNG: XXT: 85.,0.0,1.0
2023-07,GRP-182,TỔNG CỘNG: XXTT: 21. 8.0,0.0,1.0
2023-07,GRP-184,TỔNG CỘNG: XXTT: 25. 3.1,0.0,1.0
2023-07,GRP-186,VIÊN FUNNY_GÓI,0.0,19.5
2023-07,GRP-187,VIÊN GÓI,0.0,38.0
2023-07,GRP-189,VIÊN NGON_GÓI,0.0,25.0
2023-07,GRP-190,VS - XÚC XÍCH VISSAN,69277.7,200.0
2023-07,GRP-193,VUÔNG BELCUBE HƯƠNG VANI 15CX,0.0,1.0
2023-07,GRP-194,VUÔNG BELCUBE NGỌT DÂU 15C,0.0,15.0
2023-07,GRP-195,VUÔNG BELCUBE NGỌT SOCOLA X15C,0.0,22.0
2023-07,GRP-196,VUÔNG BELCUBE SỮA 15C X15,0.0,13.0
2023-07,GRP-197,VUÔNG BELCUBE SỮA 15C X15 DIS,0.0,117.0
2023-07,GRP-199,VUÔNG BELCUBE SỮA 24C X15,0.0,15.0
2023-07,GRP-200,VUÔNG BELCUBE SỮA 24C X15 DIS,0.0,20.0
2023-07,GRP-207,XXTT (GÓI),0.0,544.3199999999999
2023-07,GRP-209,XXTT BOOM BOOM (5+1)_GÓI,0.0,291.156
2023-07,GRP-210,"XXTT BOOM BOOM (HŨ 1,)",0.0,104.0
2023-07,GRP-211,XXTT BOOM BOOM GÓI,0.0,4702.235000000001
2023-07,GRP-213,XXTT BOOM BOOM _GÓI,0.0,1143.9
2023-07,GRP-214,XXTT BOOM BOOM _HŨ,0.0,278.0
2023-07,GRP-215,XXTT DINH DƯỠNG GOLDEN,0.0,323.532
2023-07,GRP-216,XXTT DINH DƯỠNG GÓI,0.0,2030.0
2023-07,GRP-217,XXTT DINH DƯỠNG HEO GÓI,0.0,1050.0
2023-07,GRP-218,XXTT DZUI DZUI THÙNG,0.0,63.0
2023-07,GRP-219,XXTT GÓI (T-3.),0.0,720.0
2023-07,GRP-220,XXTT HEO (GÓI),0.0,183.39999999999998
2023-07,GRP-221,XXTT HEO GÓI (T-3.),0.0,263.7
2023-07,GRP-223,XXTT LẮC KÊU TỎI_,0.0,1440.0
2023-07,GRP-226,XXTT TRỘN ĐỀU XỐT TAMARIND_,0.0,1920.0
2023-07,GRP-227,XỐT,0.0,36.0
2023-07,GRP-228,XỐT BÚN GÓI,0.0,1920.0
2023-07,GRP-229,XỐT BẰM,0.0,120.0
2023-07,GRP-231,XỐT CHIÊN PET,0.0,120.0
2023-07,GRP-232,XỐT CHUA,0.0,40.0
2023-07,GRP-233,XỐT CHUA KETCHUP,0.0,24.0
2023-07,GRP-234,XỐT KHO GÓI,0.0,7200.0
2023-07,GRP-237,XỐT LẨU NẤM PET,0.0,24.0
2023-07,GRP-238,XỐT LẨU THÁI PET,0.0,204.0
2023-07,GRP-240,XỐT RANG PET,0.0,1948.0
2023-07,GRP-242,XỐT TIÊU ĐEN,0.0,36.0
2023-07,GRP-244,XỐT ƯỚP THỊT NƯỚNG,0.0,6672.0
2023-07,GRP-245,XỐT ƯỚP THỊT NƯỚNG GÓI,0.0,24965.0
2023-07,GRP-247,XỐT ƯỚP XÍU,0.0,900.0
2023-07,GRP-248,XỐT ƯỚP XÍU GÓI,0.0,1031.0
2023-07,GRP-250,ĐIỀU CHỈNH THUẾ SUẤT 10% THÀNH CHO HÓA ĐƠN ĐIỆN SỐ,0.0,2.0
2023-08,GRP-000,0.001S-V,0.0,980.44
2023-08,GRP-004,AL - SỮA ANLENE,60.0,0.0
2023-08,GRP-005,BEL - PHÔ MAI,21716.0,3650.0
2023-08,GRP-009,BỘT CANH NẤM BÀO NGƯ,0.0,2250.0
2023-08,GRP-010,BỘT CANH NẤM HƯƠNG,0.0,1500.0
2023-08,GRP-015,CHẢ GIÒ THẬP CẨM,0.0,32.0
2023-08,GRP-017,CHẢ GIÒ TÔM CUA,0.0,16.0
2023-08,GRP-019,CHẢ GIÒ TÔM THỊT R/GÓI,0.0,220.0
2023-08,GRP-020,CHẢ GIÒ XỐP CHAY,0.0,64.0
2023-08,GRP-021,CLM - GIA VỊ CHOLIMEX,230848.0,0.0
2023-08,GRP-022,CLM - TƯƠNG ỚT (CHUNG),0.0,29418.0
2023-08,GRP-025,CON CƯỜI 16M DISNEY23BTS,0.0,60.0
2023-08,GRP-026,CON CƯỜI VEG6 24M X24,0.0,10.0
2023-08,GRP-027,CON CƯỜI X36 DISNEY23BTS,0.0,190.0
2023-08,GRP-028,CON CƯỜI X36 DISNEY23BTS VN::HÀNG KHUYẾN MÃI KHÔNG,0.0,17.0
2023-08,GRP-030,CƯỚC DỊCH VIỄN THÔNG TRẢ SAU (DỊCH CHỊU THUẾ),0.0,1.0
2023-08,GRP-048,DỊCH NGÂN HÀNG,0.0,1.0
2023-08,GRP-053,FOOD - BÁNH (CHUNG),757.0,292.0
2023-08,GRP-054,FUEL - DẦU DO,0.0,15081.42
2023-08,GRP-055,FUEL - XĂNG,0.0,211.14
2023-08,GRP-056,FUNNY GÓI,0.0,570.5
2023-08,GRP-057,GAN HEO_HỘP,0.0,720.0
2023-08,GRP-059,GIA KHO GÓI,0.0,2400.0
2023-08,GRP-061,GIA KHO THỊT GÓI,0.0,2402.0
2023-08,GRP-063,HAPPY GÓI,0.0,45.0
2023-08,GRP-065,HEO HẦM 3.B.MAI,0.0,144.0
2023-08,GRP-066,HEO HẦM_HỘP,0.0,3528.0
2023-08,GRP-068,HEO LÁT 3.B.MAI,0.0,8064.0
2023-08,GRP-070,HÀNG ONPACK CHÉN,0.0,7.0
2023-08,GRP-074,HẦM_HỘP,0.0,432.0
2023-08,GRP-078,KHÔNG TÊN,0.0,11.0
2023-08,GRP-083,LÁT 3.B.MAI,0.0,1440.0
2023-08,GRP-084,LÁT CON CƯỜI BURGER X32,0.0,2.0
2023-08,GRP-085,LẠP XƯỞNG MQL GÓI,0.0,110.0
2023-08,GRP-086,LẨU CHUA HẢI SẢN,0.0,2724.0
2023-08,GRP-088,LẨU THÁI,0.0,2837.0
2023-08,GRP-090,LỌC NHỚT,0.0,1.0
2023-08,GRP-092,MÁY BAY PXU-SGN-PXU,0.0,1.0
2023-08,GRP-095,NBT - BÁNH NABATI,15783.0,4313.0
2023-08,GRP-100,NƯỚC MẮM CHAY,0.0,720.0
2023-08,GRP-102,NƯỚC MẮM HƯƠNG VIỆT PET,0.0,2412.0
2023-08,GRP-103,"NƯỚC TƯƠNG HƯƠNG VIỆT 4,9 LÍT",0.0,30.0
2023-08,GRP-104,NƯỚC TƯƠNG HẢO GÓI,0.0,1600.0
2023-08,GRP-105,NƯỚC TƯƠNG HẢO PET,0.0,1680.0
2023-08,GRP-106,NƯỚC TƯƠNG THANH,0.0,11667.0
2023-08,GRP-107,NƯỚC TƯƠNG ĐẬU NÀNH PET,0.0,2649.0
2023-08,GRP-108,NƯỚNG NGŨ PET,0.0,360.0
2023-08,GRP-109,OTHER - CÁC MẶT HÀNG KHÁC,1.0,90.0
2023-08,GRP-114,PHÍ DỊCH NGÂN HÀNG,0.0,11.0
2023-08,GRP-120,SATE,0.0,396.0
2023-08,GRP-121,SATE TÔM,0.0,7832.0
2023-08,GRP-122,SATE TÔM PET,0.0,28285.0
2023-08,GRP-123,SATẾ CHAY PET,0.0,2520.0
2023-08,GRP-124,SATẾ TÔM NHỰA,0.0,7391.0
2023-08,GRP-125,SERVICE - CHIẾT KHẤU,871.0,37.0
2023-08,GRP-126,SN - NƯỚC KHOÁNG SANNA,872.0,364.0
2023-08,GRP-127,SN - YẾN SÀO/NƯỚC YẾN,215521.0,210640.0
2023-08,GRP-133,THỊT HEO,0.0,96.0
2023-08,GRP-135,TIỀN PHÍ DỊCH BÁN,0.0,1.0
2023-08,GRP-137,TIỀN PHẢI THU: 3.846.864,0.0,2.0
2023-08,GRP-144,TIỀN PHẢI THU: 7.693.728,0.0,1.0
2023-08,GRP-147,TÔM VIÊN FUNNY_GÓI,0.0,50.0
2023-08,GRP-149,TƯƠNG CHAI PET,0.0,6154.0
2023-08,GRP-150,TƯƠNG CHUA NGỌT PET,0.0,138.0
2023-08,GRP-151,TƯƠNG GÓI,0.0,12000.0
2023-08,GRP-153,TƯƠNG HỘT PET,0.0,252.0
2023-08,GRP-154,TƯƠNG MUỘI PET,0.0,258.0
2023-08,GRP-155,TƯƠNG ĐEN,0.0,80.0
2023-08,GRP-156,TƯƠNG ĐEN PHỞ,0.0,3960.0
2023-08,GRP-161,TỔNG CỘNG: CBĐL: 25. 1.7,0.0,1.0
2023-08,GRP-166,TỔNG CỘNG: XXT: 100.,0.0,1.0
2023-08,GRP-167,TỔNG CỘNG: XXT: 115.,0.0,1.0
2023-08,GRP-173,TỔNG CỘNG: XXT: 50.,0.0,2.0
2023-08,GRP-186,VIÊN FUNNY_GÓI,0.0,65.0
2023-08,GRP-187,VIÊN GÓI,0.0,68.0
2023-08,GRP-188,VIÊN NGON,0.0,50.0
2023-08,GRP-189,VIÊN NGON_GÓI,0.0,100.0
2023-08,GRP-190,VS - XÚC XÍCH VISSAN,30551.22,201.5
2023-08,GRP-193,VUÔNG BELCUBE HƯƠNG VANI 15CX,0.0,10.0
2023-08,GRP-194,VUÔNG BELCUBE NGỌT DÂU 15C,0.0,41.0
2023-08,GRP-195,VUÔNG BELCUBE NGỌT SOCOLA X15C,0.0,44.0
2023-08,GRP-196,VUÔNG BELCUBE SỮA 15C X15,0.0,128.0
2023-08,GRP-197,VUÔNG BELCUBE SỮA 15C X15 DIS,0.0,45.0
2023-08,GRP-198,VUÔNG BELCUBE SỮA 15C X15::HÀNG KHUYẾN MÃI KHÔNG T,0.0,9.0
2023-08,GRP-200,VUÔNG BELCUBE SỮA 24C X15 DIS,0.0,46.0
2023-08,GRP-206,XUẤT TRẢ THƯỞNG TRƯNG BÀY XXDD GOLDEN ĐỢT TÂY NGUY,0.0,2.0
2023-08,GRP-207,XXTT (GÓI),0.0,342.68
2023-08,GRP-209,XXTT BOOM BOOM (5+1)_GÓI,0.0,422.028
2023-08,GRP-210,"XXTT BOOM BOOM (HŨ 1,)",0.0,80.0
2023-08,GRP-211,XXTT BOOM BOOM GÓI,0.0,14867.66
2023-08,GRP-213,XXTT BOOM BOOM _GÓI,0.0,3078.7
2023-08,GRP-214,XXTT BOOM BOOM _HŨ,0.0,817.0
2023-08,GRP-215,XXTT DINH DƯỠNG GOLDEN,0.0,279.576
2023-08,GRP-216,XXTT DINH DƯỠNG GÓI,0.0,2450.0
2023-08,GRP-217,XXTT DINH DƯỠNG HEO GÓI,0.0,770.0
2023-08,GRP-218,XXTT DZUI DZUI THÙNG,0.0,105.0
2023-08,GRP-219,XXTT GÓI (T-3.),0.0,288.0
2023-08,GRP-220,XXTT HEO (GÓI),0.0,114.04
2023-08,GRP-221,XXTT HEO GÓI (T-3.),0.0,144.0
2023-08,GRP-223,XXTT LẮC KÊU TỎI_,0.0,480.0
2023-08,GRP-226,XXTT TRỘN ĐỀU XỐT TAMARIND_,0.0,2400.0
2023-08,GRP-227,XỐT,0.0,180.0
2023-08,GRP-228,XỐT BÚN GÓI,0.0,1200.0
2023-08,GRP-233,XỐT CHUA KETCHUP,0.0,48.0
2023-08,GRP-234,XỐT KHO GÓI,0.0,5400.0
2023-08,GRP-236,XỐT LẨU KIM CHI PET,0.0,3293.0
2023-08,GRP-237,XỐT LẨU NẤM PET,0.0,192.0
2023-08,GRP-240,XỐT RANG PET,0.0,2400.0
2023-08,GRP-243,XỐT ƯỚP THỊT CAY,0.0,72.0
2023-08,GRP-244,XỐT ƯỚP THỊT NƯỚNG,0.0,4944.0
2023-08,GRP-245,XỐT ƯỚP THỊT NƯỚNG GÓI,0.0,21204.0
2023-08,GRP-246,XỐT ƯỚP THỊT TRUYỀN THỐNG,0.0,72.0
2023-08,GRP-247,XỐT ƯỚP XÍU,0.0,1080.0
2023-08,GRP-248,XỐT ƯỚP XÍU GÓI,0.0,3064.0
2023-08,GRP-249,YẾN HỘP,0.0,3.0
2023-09,GRP-000,0.001S-V,0.0,939.85
2023-09,GRP-003,81C-18927,0.0,1.0
2023-09,GRP-004,AL - SỮA ANLENE,72.0,0.0
2023-09,GRP-005,BEL - PHÔ MAI,13179.0,2574.0
2023-09,GRP-008,BỘT CANH,0.0,250.0
2023-09,GRP-009,BỘT CANH NẤM BÀO NGƯ,0.0,500.0
2023-09,GRP-010,BỘT CANH NẤM HƯƠNG,0.0,500.0
2023-09,GRP-015,CHẢ GIÒ THẬP CẨM,0.0,48.0
2023-09,GRP-017,CHẢ GIÒ TÔM CUA,0.0,22.0
2023-09,GRP-019,CHẢ GIÒ TÔM THỊT R/GÓI,0.0,220.0
2023-09,GRP-020,CHẢ GIÒ XỐP CHAY,0.0,57.0
2023-09,GRP-021,CLM - GIA VỊ CHOLIMEX,111688.0,0.0
2023-09,GRP-022,CLM - TƯƠNG ỚT (CHUNG),0.0,12776.0
2023-09,GRP-026,CON CƯỜI VEG6 24M X24,0.0,15.0
2023-09,GRP-030,CƯỚC DỊCH VIỄN THÔNG TRẢ SAU (DỊCH CHỊU THUẾ),0.0,1.0
2023-09,GRP-047,CẢO R/GÓI,0.0,15.0
2023-09,GRP-048,DỊCH NGÂN HÀNG,0.0,1.0
2023-09,GRP-051,FASHION - QUẦN ÁO/PHỤ KIỆN,0.0,5.0
2023-09,GRP-053,FOOD - BÁNH (CHUNG),723.0,115.0
2023-09,GRP-054,FUEL - DẦU DO,0.0,10578.19
2023-09,GRP-055,FUEL - XĂNG,0.0,122.02
2023-09,GRP-056,FUNNY GÓI,0.0,542.0
2023-09,GRP-057,GAN HEO_HỘP,0.0,360.0
2023-09,GRP-059,GIA KHO GÓI,0.0,2400.0
2023-09,GRP-061,GIA KHO THỊT GÓI,0.0,2403.0
2023-09,GRP-062,GIẤY,0.0,1.0
2023-09,GRP-065,HEO HẦM 3.B.MAI,0.0,144.0
2023-09,GRP-066,HEO HẦM_HỘP,0.0,3369.0
2023-09,GRP-070,HÀNG ONPACK CHÉN,0.0,7.0
2023-09,GRP-074,HẦM_HỘP,0.0,3600.0
2023-09,GRP-078,KHÔNG TÊN,0.0,11.0
2023-09,GRP-084,LÁT CON CƯỜI BURGER X32,0.0,1.0
2023-09,GRP-085,LẠP XƯỞNG MQL GÓI,0.0,240.0
2023-09,GRP-086,LẨU CHUA HẢI SẢN,0.0,1119.0
2023-09,GRP-088,LẨU THÁI,0.0,3376.0
2023-09,GRP-091,MÁY BAY PXU-SGN,0.0,1.0
2023-09,GRP-093,MÁY BAY SGN-PXU,0.0,1.0
2023-09,GRP-095,NBT - BÁNH NABATI,3354.0,5612.0
2023-09,GRP-097,NƯỚC MẮM CAO ĐẠM,0.0,144.0
2023-09,GRP-100,NƯỚC MẮM CHAY,0.0,480.0
2023-09,GRP-102,NƯỚC MẮM HƯƠNG VIỆT PET,0.0,2760.0
2023-09,GRP-103,"NƯỚC TƯƠNG HƯƠNG VIỆT 4,9 LÍT",0.0,51.0
2023-09,GRP-104,NƯỚC TƯƠNG HẢO GÓI,0.0,800.0
2023-09,GRP-105,NƯỚC TƯƠNG HẢO PET,0.0,1920.0
2023-09,GRP-106,NƯỚC TƯƠNG THANH,0.0,16326.0
2023-09,GRP-107,NƯỚC TƯƠNG ĐẬU NÀNH PET,0.0,2251.0
2023-09,GRP-108,NƯỚNG NGŨ PET,0.0,720.0
2023-09,GRP-109,OTHER - CÁC MẶT HÀNG KHÁC,1.0,120.0
2023-09,GRP-114,PHÍ DỊCH NGÂN HÀNG,0.0,10.0
2023-09,GRP-115,PLC CATER 15W40 CI4 THÙNG LÍT,0.0,3.0
2023-09,GRP-119,RTM CTY HOANG HUY PHAT,0.0,1.0
2023-09,GRP-120,SATE,0.0,360.0
2023-09,GRP-121,SATE TÔM,0.0,6430.0
2023-09,GRP-122,SATE TÔM PET,0.0,27171.0
2023-09,GRP-124,SATẾ TÔM NHỰA,0.0,9524.0
2023-09,GRP-125,SERVICE - CHIẾT KHẤU,553.0,32.0
2023-09,GRP-126,SN - NƯỚC KHOÁNG SANNA,1108.0,260.0
2023-09,GRP-127,SN - YẾN SÀO/NƯỚC YẾN,79838.0,317929.0
2023-09,GRP-129,SƯỜN NẤU ĐẬU_HỘP,0.0,72.0
2023-09,GRP-135,TIỀN PHÍ DỊCH BÁN,0.0,2.0
2023-09,GRP-137,TIỀN PHẢI THU: 3.846.864,0.0,1.0
2023-09,GRP-141,TIỀN PHẢI THU: 5.770.296,0.0,1.0
2023-09,GRP-144,TIỀN PHẢI THU: 7.693.728,0.0,4.0
2023-09,GRP-146,TRỢ 0.5% TRÊN DOANH THU THỰC HIỆN T6/2023 SHĐ 0000,8.0,0.0
2023-09,GRP-147,TÔM VIÊN FUNNY_GÓI,0.0,30.0
2023-09,GRP-149,TƯƠNG CHAI PET,0.0,8400.0
2023-09,GRP-150,TƯƠNG CHUA NGỌT PET,0.0,192.0
2023-09,GRP-153,TƯƠNG HỘT PET,0.0,540.0
2023-09,GRP-154,TƯƠNG MUỘI PET,0.0,270.0
2023-09,GRP-155,TƯƠNG ĐEN,0.0,72.0
2023-09,GRP-156,TƯƠNG ĐEN PHỞ,0.0,9600.0
2023-09,GRP-159,TỔNG CỘNG: CBĐL: 10. 0.7,0.0,1.0
2023-09,GRP-162,TỔNG CỘNG: CBĐL: 35. 1.3,0.0,1.0
2023-09,GRP-163,TỔNG CỘNG: CBĐL: 35. 2.3,0.0,1.0
2023-09,GRP-166,TỔNG CỘNG: XXT: 100.,0.0,4.0
2023-09,GRP-170,TỔNG CỘNG: XXT: 17.,0.0,1.0
2023-09,GRP-173,TỔNG CỘNG: XXT: 50.,0.0,1.0
2023-09,GRP-175,TỔNG CỘNG: XXT: 75.,0.0,1.0
2023-09,GRP-180,TỔNG CỘNG: XXTT: 0.3,0.0,2.0
2023-09,GRP-186,VIÊN FUNNY_GÓI,0.0,35.0
2023-09,GRP-187,VIÊN GÓI,0.0,50.0
2023-09,GRP-189,VIÊN NGON_GÓI,0.0,25.0
2023-09,GRP-190,VS - XÚC XÍCH VISSAN,72077.76,200.0
2023-09,GRP-193,VUÔNG BELCUBE HƯƠNG VANI 15CX,0.0,5.0
2023-09,GRP-194,VUÔNG BELCUBE NGỌT DÂU 15C,0.0,55.0
2023-09,GRP-195,VUÔNG BELCUBE NGỌT SOCOLA X15C,0.0,30.0
2023-09,GRP-196,VUÔNG BELCUBE SỮA 15C X15,0.0,142.0
2023-09,GRP-198,VUÔNG BELCUBE SỮA 15C X15::HÀNG KHUYẾN MÃI KHÔNG T,0.0,10.0
2023-09,GRP-199,VUÔNG BELCUBE SỮA 24C X15,0.0,24.0
2023-09,GRP-204,XUẤT HÀNG KHUYẾN MÃI XXTT BOOM BOOM (GÓI) 25/08 30,0.0,1.0
2023-09,GRP-206,XUẤT TRẢ THƯỞNG TRƯNG BÀY XXDD GOLDEN ĐỢT TÂY NGUY,0.0,1.0
2023-09,GRP-207,XXTT (GÓI),0.0,534.3199999999999
2023-09,GRP-209,XXTT BOOM BOOM (5+1)_GÓI,0.0,610.356
2023-09,GRP-210,"XXTT BOOM BOOM (HŨ 1,)",0.0,80.0
2023-09,GRP-211,XXTT BOOM BOOM GÓI,0.0,12110.42
2023-09,GRP-212,XXTT BOOM BOOM _CA NHỰA,0.0,688.0
2023-09,GRP-213,XXTT BOOM BOOM _GÓI,0.0,2020.6
2023-09,GRP-214,XXTT BOOM BOOM _HŨ,0.0,185.0
2023-09,GRP-215,XXTT DINH DƯỠNG GOLDEN,0.0,430.05600000000004
2023-09,GRP-216,XXTT DINH DƯỠNG GÓI,0.0,700.0
2023-09,GRP-217,XXTT DINH DƯỠNG HEO GÓI,0.0,840.0
2023-09,GRP-218,XXTT DZUI DZUI THÙNG,0.0,21.0
2023-09,GRP-219,XXTT GÓI (T-3.),0.0,684.0
2023-09,GRP-220,XXTT HEO (GÓI),0.0,113.2
2023-09,GRP-221,XXTT HEO GÓI (T-3.),0.0,342.0
2023-09,GRP-223,XXTT LẮC KÊU TỎI_,0.0,1200.0
2023-09,GRP-226,XXTT TRỘN ĐỀU XỐT TAMARIND_,0.0,960.0
2023-09,GRP-227,XỐT,0.0,288.0
2023-09,GRP-228,XỐT BÚN GÓI,0.0,1800.0
2023-09,GRP-229,XỐT BẰM,0.0,80.0
2023-09,GRP-233,XỐT CHUA KETCHUP,0.0,24.0
2023-09,GRP-234,XỐT KHO GÓI,0.0,7200.0
2023-09,GRP-236,XỐT LẨU KIM CHI PET,0.0,240.0
2023-09,GRP-237,XỐT LẨU NẤM PET,0.0,48.0
2023-09,GRP-238,XỐT LẨU THÁI PET,0.0,60.0
2023-09,GRP-240,XỐT RANG PET,0.0,2176.0
2023-09,GRP-244,XỐT ƯỚP THỊT NƯỚNG,0.0,5113.0
2023-09,GRP-245,XỐT ƯỚP THỊT NƯỚNG GÓI,0.0,31385.0
2023-09,GRP-246,XỐT ƯỚP THỊT TRUYỀN THỐNG,0.0,204.0
2023-09,GRP-247,XỐT ƯỚP XÍU,0.0,180.0
2023-09,GRP-248,XỐT ƯỚP XÍU GÓI,0.0,1297.0
2023-10,GRP-000,0.001S-V,0.0,249.49
2023-10,GRP-004,AL - SỮA ANLENE,276.0,0.0
2023-10,GRP-005,BEL - PHÔ MAI,14026.0,2229.0
2023-10,GRP-007,BÚT,0.0,32.0
2023-10,GRP-008,BỘT CANH,0.0,500.0
2023-10,GRP-009,BỘT CANH NẤM BÀO NGƯ,0.0,1000.0
2023-10,GRP-010,BỘT CANH NẤM HƯƠNG,0.0,1250.0
2023-10,GRP-012,CHẢ GIÒ ALNN,0.0,36.0
2023-10,GRP-015,CHẢ GIÒ THẬP CẨM,0.0,29.0
2023-10,GRP-017,CHẢ GIÒ TÔM CUA,0.0,16.0
2023-10,GRP-019,CHẢ GIÒ TÔM THỊT R/GÓI,0.0,260.0
2023-10,GRP-020,CHẢ GIÒ XỐP CHAY,0.0,32.0
2023-10,GRP-021,CLM - GIA VỊ CHOLIMEX,191093.0,0.0
2023-10,GRP-022,CLM - TƯƠNG ỚT (CHUNG),0.0,38024.0
2023-10,GRP-026,CON CƯỜI VEG6 24M X24,0.0,10.0
2023-10,GRP-030,CƯỚC DỊCH VIỄN THÔNG TRẢ SAU (DỊCH CHỊU THUẾ),0.0,1.0
2023-10,GRP-031,CƯỚC ĐƯỜNG 81C01245T QUA TRẠM GIA LAI THỜI GIAN 08,0.0,1.0
2023-10,GRP-032,CƯỚC ĐƯỜNG 81C01245T QUA TRẠM GIA LAI THỜI GIAN 09,0.0,10.0
2023-10,GRP-033,CƯỚC ĐƯỜNG 81C01245T QUA TRẠM GIA LAI THỜI GIAN 10,0.0,8.0
2023-10,GRP-034,CƯỚC ĐƯỜNG 81C01245T QUA TRẠM GIA LAI THỜI GIAN 11,0.0,1.0
2023-10,GRP-036,CƯỚC ĐƯỜNG 81C01245T QUA TRẠM GIA LAI THỜI GIAN 15,0.0,2.0
2023-10,GRP-037,CƯỚC ĐƯỜNG 81C01245T QUA TRẠM GIA LAI THỜI GIAN 16,0.0,4.0
2023-10,GRP-038,CƯỚC ĐƯỜNG 81C01245T QUA TRẠM GIA LAI THỜI GIAN 17,0.0,1.0
2023-10,GRP-039,CƯỚC ĐƯỜNG 81C01245T QUA TRẠM GIA LAI THỜI GIAN 18,0.0,5.0
2023-10,GRP-040,CƯỚC ĐƯỜNG 81C01245T QUA TRẠM GIA LAI THỜI GIAN 19,0.0,4.0
2023-10,GRP-041,CƯỚC ĐƯỜNG 81C18927T QUA TRẠM KM124+720 QL19 THỜI,0.0,21.0
2023-10,GRP-043,CƯỚC ĐƯỜNG 81C20280T QUA TRẠM GIA LAI THỜI GIAN 18,0.0,1.0
2023-10,GRP-048,DỊCH NGÂN HÀNG,0.0,1.0
2023-10,GRP-051,FASHION - QUẦN ÁO/PHỤ KIỆN,0.0,20.0
2023-10,GRP-053,FOOD - BÁNH (CHUNG),120.0,172.0
2023-10,GRP-054,FUEL - DẦU DO,0.0,13563.05
2023-10,GRP-055,FUEL - XĂNG,0.0,51.31999999999999
2023-10,GRP-056,FUNNY GÓI,0.0,441.0
2023-10,GRP-057,GAN HEO_HỘP,0.0,864.0
2023-10,GRP-059,GIA KHO GÓI,0.0,3600.0
2023-10,GRP-061,GIA KHO THỊT GÓI,0.0,3601.0
2023-10,GRP-063,HAPPY GÓI,0.0,25.0
2023-10,GRP-065,HEO HẦM 3.B.MAI,0.0,72.0
2023-10,GRP-066,HEO HẦM_HỘP,0.0,3902.0
2023-10,GRP-067,HEO LÁT,0.0,48.0
2023-10,GRP-068,HEO LÁT 3.B.MAI,0.0,1872.0
2023-10,GRP-070,HÀNG ONPACK CHÉN,0.0,10.0
2023-10,GRP-074,HẦM_HỘP,0.0,360.0
2023-10,GRP-077,KHÔ SATE THỦY TINH,0.0,72.0
2023-10,GRP-078,KHÔNG TÊN,0.0,25.0
2023-10,GRP-083,LÁT 3.B.MAI,0.0,1152.0
2023-10,GRP-084,LÁT CON CƯỜI BURGER X32,0.0,2.0
2023-10,GRP-085,LẠP XƯỞNG MQL GÓI,0.0,150.0
2023-10,GRP-086,LẨU CHUA HẢI SẢN,0.0,1993.0
2023-10,GRP-088,LẨU THÁI,0.0,1448.0
2023-10,GRP-095,NBT - BÁNH NABATI,9782.0,6873.0
2023-10,GRP-097,NƯỚC MẮM CAO ĐẠM,0.0,60.0
2023-10,GRP-098,NƯỚC MẮM CAO ĐẠM (XUÂN),0.0,42.0
2023-10,GRP-099,NƯỚC MẮM CAO ĐẠM 500M (XUÂN),0.0,78.0
2023-10,GRP-100,NƯỚC MẮM CHAY,0.0,240.0
2023-10,GRP-102,NƯỚC MẮM HƯƠNG VIỆT PET,0.0,2670.0
2023-10,GRP-103,"NƯỚC TƯƠNG HƯƠNG VIỆT 4,9 LÍT",0.0,30.0
2023-10,GRP-104,NƯỚC TƯƠNG HẢO GÓI,0.0,6400.0
2023-10,GRP-105,NƯỚC TƯƠNG HẢO PET,0.0,1920.0
2023-10,GRP-106,NƯỚC TƯƠNG THANH,0.0,18844.0
2023-10,GRP-107,NƯỚC TƯƠNG ĐẬU NÀNH PET,0.0,3182.0
2023-10,GRP-108,NƯỚNG NGŨ PET,0.0,1800.0
2023-10,GRP-109,OTHER - CÁC MẶT HÀNG KHÁC,1.0,241.0
2023-10,GRP-114,PHÍ DỊCH NGÂN HÀNG,0.0,15.0
2023-10,GRP-120,SATE,0.0,216.0
2023-10,GRP-121,SATE TÔM,0.0,6260.0
2023-10,GRP-122,SATE TÔM PET,0.0,18821.0
2023-10,GRP-123,SATẾ CHAY PET,0.0,2160.0
2023-10,GRP-124,SATẾ TÔM NHỰA,0.0,8788.0
2023-10,GRP-125,SERVICE - CHIẾT KHẤU,783.0,39.0
2023-10,GRP-126,SN - NƯỚC KHOÁNG SANNA,658.0,340.0
2023-10,GRP-127,SN - YẾN SÀO/NƯỚC YẾN,240850.0,42570.0
2023-10,GRP-129,SƯỜN NẤU ĐẬU_HỘP,0.0,144.0
2023-10,GRP-133,THỊT HEO,0.0,48.0
2023-10,GRP-137,TIỀN PHẢI THU: 3.846.864,0.0,2.0
2023-10,GRP-140,TIỀN PHẢI THU: 377.496,0.0,1.0
2023-10,GRP-144,TIỀN PHẢI THU: 7.693.728,0.0,2.0
2023-10,GRP-146,TRỢ 0.5% TRÊN DOANH THU THỰC HIỆN T6/2023 SHĐ 0000,12.0,0.0
2023-10,GRP-147,TÔM VIÊN FUNNY_GÓI,0.0,18.75
2023-10,GRP-149,TƯƠNG CHAI PET,0.0,6945.0
2023-10,GRP-150,TƯƠNG CHUA NGỌT PET,0.0,246.0
2023-10,GRP-151,TƯƠNG GÓI,0.0,31200.0
2023-10,GRP-153,TƯƠNG HỘT PET,0.0,144.0
2023-10,GRP-154,TƯƠNG MUỘI PET,0.0,486.0
2023-10,GRP-155,TƯƠNG ĐEN,0.0,270.0
2023-10,GRP-156,TƯƠNG ĐEN PHỞ,0.0,8988.0
2023-10,GRP-157,TỔNG CỘNG: CBĐL: 0.3,0.0,2.0
2023-10,GRP-159,TỔNG CỘNG: CBĐL: 10. 0.7,0.0,1.0
2023-10,GRP-162,TỔNG CỘNG: CBĐL: 35. 1.3,0.0,1.0
2023-10,GRP-166,TỔNG CỘNG: XXT: 100.,0.0,2.0
2023-10,GRP-173,TỔNG CỘNG: XXT: 50.,0.0,2.0
2023-10,GRP-178,TỔNG CỘNG: XXT: 95.,0.0,1.0
2023-10,GRP-179,TỔNG CỘNG: XXTT: 0.1,0.0,1.0
2023-10,GRP-183,TỔNG CỘNG: XXTT: 22. 3.2,0.0,1.0
2023-10,GRP-186,VIÊN FUNNY_GÓI,0.0,42.5
2023-10,GRP-187,VIÊN GÓI,0.0,22.0
2023-10,GRP-188,VIÊN NGON,0.0,40.0
2023-10,GRP-189,VIÊN NGON_GÓI,0.0,40.0
2023-10,GRP-190,VS - XÚC XÍCH VISSAN,64350.88,200.0
2023-10,GRP-192,VUÔNG BELCUBE DÂU X30 VN::HÀNG KHUYẾN MÃI KHÔNG TH,0.0,50.0
2023-10,GRP-193,VUÔNG BELCUBE HƯƠNG VANI 15CX,0.0,7.0
2023-10,GRP-194,VUÔNG BELCUBE NGỌT DÂU 15C,0.0,50.0
2023-10,GRP-195,VUÔNG BELCUBE NGỌT SOCOLA X15C,0.0,25.0
2023-10,GRP-196,VUÔNG BELCUBE SỮA 15C X15,0.0,140.0
2023-10,GRP-198,VUÔNG BELCUBE SỮA 15C X15::HÀNG KHUYẾN MÃI KHÔNG T,0.0,10.0
2023-10,GRP-199,VUÔNG BELCUBE SỮA 24C X15,0.0,31.0
2023-10,GRP-204,XUẤT HÀNG KHUYẾN MÃI XXTT BOOM BOOM (GÓI) 25/08 30,0.0,2.0
2023-10,GRP-207,XXTT (GÓI),0.0,289.64
2023-10,GRP-209,XXTT BOOM BOOM (5+1)_GÓI,0.0,59.328
2023-10,GRP-210,"XXTT BOOM BOOM (HŨ 1,)",0.0,144.0
2023-10,GRP-211,XXTT BOOM BOOM GÓI,0.0,12862.98
2023-10,GRP-212,XXTT BOOM BOOM _CA NHỰA,0.0,771.0
2023-10,GRP-213,XXTT BOOM BOOM _GÓI,0.0,2010.6
2023-10,GRP-214,XXTT BOOM BOOM _HŨ,0.0,338.0
2023-10,GRP-215,XXTT DINH DƯỠNG GOLDEN,0.0,388.08
2023-10,GRP-216,XXTT DINH DƯỠNG GÓI,0.0,1505.0
2023-10,GRP-217,XXTT DINH DƯỠNG HEO GÓI,0.0,1120.0
2023-10,GRP-218,XXTT DZUI DZUI THÙNG,0.0,31.5
2023-10,GRP-219,XXTT GÓI (T-3.),0.0,396.0
2023-10,GRP-220,XXTT HEO (GÓI),0.0,93.03999999999999
2023-10,GRP-221,XXTT HEO GÓI (T-3.),0.0,234.0
2023-10,GRP-223,XXTT LẮC KÊU TỎI_,0.0,1200.0
2023-10,GRP-224,XXTT TRỘN ĐỀU XỐT BBQ_,0.0,126.0
2023-10,GRP-225,XXTT TRỘN ĐỀU XỐT CHANH DÂY_,0.0,145.0
2023-10,GRP-226,XXTT TRỘN ĐỀU XỐT TAMARIND_,0.0,1680.0
2023-10,GRP-228,XỐT BÚN GÓI,0.0,480.0
2023-10,GRP-229,XỐT BẰM,0.0,160.0
2023-10,GRP-230,XỐT CHIÊN NƯỚC MẮM,0.0,2525.0
2023-10,GRP-231,XỐT CHIÊN PET,0.0,72.0
2023-10,GRP-232,XỐT CHUA,0.0,40.0
2023-10,GRP-233,XỐT CHUA KETCHUP,0.0,48.0
2023-10,GRP-234,XỐT KHO GÓI,0.0,2640.0
2023-10,GRP-236,XỐT LẨU KIM CHI PET,0.0,360.0
2023-10,GRP-237,XỐT LẨU NẤM PET,0.0,48.0
2023-10,GRP-238,XỐT LẨU THÁI PET,0.0,264.0
2023-10,GRP-240,XỐT RANG PET,0.0,3032.0
2023-10,GRP-241,XỐT SƯỜN XÀO CHUA NGỌT,0.0,2525.0
2023-10,GRP-244,XỐT ƯỚP THỊT NƯỚNG,0.0,3170.0
2023-10,GRP-245,XỐT ƯỚP THỊT NƯỚNG GÓI,0.0,22447.0
2023-10,GRP-246,XỐT ƯỚP THỊT TRUYỀN THỐNG,0.0,8.0
2023-10,GRP-247,XỐT ƯỚP XÍU,0.0,144.0
2023-10,GRP-248,XỐT ƯỚP XÍU GÓI,0.0,1020.0
2023-11,GRP-000,0.001S-V,0.0,248.01999999999998
2023-11,GRP-005,BEL - PHÔ MAI,15084.0,3328.0
2023-11,GRP-009,BỘT CANH NẤM BÀO NGƯ,0.0,1500.0
2023-11,GRP-010,BỘT CANH NẤM HƯƠNG,0.0,350.0
2023-11,GRP-013,CHẢ GIÒ CHAY GÓI,0.0,5.0
2023-11,GRP-015,CHẢ GIÒ THẬP CẨM,0.0,16.0
2023-11,GRP-016,CHẢ GIÒ THỊT GÓI,0.0,5.0
2023-11,GRP-018,CHẢ GIÒ TÔM CUA GÓI,0.0,10.0
2023-11,GRP-019,CHẢ GIÒ TÔM THỊT R/GÓI,0.0,188.0
2023-11,GRP-020,CHẢ GIÒ XỐP CHAY,0.0,64.0
2023-11,GRP-021,CLM - GIA VỊ CHOLIMEX,168593.0,144.0
2023-11,GRP-022,CLM - TƯƠNG ỚT (CHUNG),0.0,37035.0
2023-11,GRP-023,CON CUOI 16M X32 TET24,0.0,94.0
2023-11,GRP-024,CON CUOI X36 TET24,0.0,81.0
2023-11,GRP-026,CON CƯỜI VEG6 24M X24,0.0,25.0
2023-11,GRP-030,CƯỚC DỊCH VIỄN THÔNG TRẢ SAU (DỊCH CHỊU THUẾ),0.0,1.0
2023-11,GRP-032,CƯỚC ĐƯỜNG 81C01245T QUA TRẠM GIA LAI THỜI GIAN 09,0.0,14.0
2023-11,GRP-033,CƯỚC ĐƯỜNG 81C01245T QUA TRẠM GIA LAI THỜI GIAN 10,0.0,3.0
2023-11,GRP-034,CƯỚC ĐƯỜNG 81C01245T QUA TRẠM GIA LAI THỜI GIAN 11,0.0,2.0
2023-11,GRP-035,CƯỚC ĐƯỜNG 81C01245T QUA TRẠM GIA LAI THỜI GIAN 13,0.0,2.0
2023-11,GRP-036,CƯỚC ĐƯỜNG 81C01245T QUA TRẠM GIA LAI THỜI GIAN 15,0.0,5.0
2023-11,GRP-037,CƯỚC ĐƯỜNG 81C01245T QUA TRẠM GIA LAI THỜI GIAN 16,0.0,3.0
2023-11,GRP-038,CƯỚC ĐƯỜNG 81C01245T QUA TRẠM GIA LAI THỜI GIAN 17,0.0,4.0
2023-11,GRP-039,CƯỚC ĐƯỜNG 81C01245T QUA TRẠM GIA LAI THỜI GIAN 18,0.0,5.0
2023-11,GRP-040,CƯỚC ĐƯỜNG 81C01245T QUA TRẠM GIA LAI THỜI GIAN 19,0.0,3.0
2023-11,GRP-041,CƯỚC ĐƯỜNG 81C18927T QUA TRẠM KM124+720 QL19 THỜI,0.0,18.0
2023-11,GRP-045,CƯỚC ĐƯỜNG 81C20280T QUA TRẠM KM124+720 QL19 THỜI,0.0,6.0
2023-11,GRP-046,CẢO HAI MÙA R/GÓI,0.0,14.0
2023-11,GRP-048,DỊCH NGÂN HÀNG,0.0,2.0
2023-11,GRP-053,FOOD - BÁNH (CHUNG),35.0,254.0
2023-11,GRP-054,FUEL - DẦU DO,0.0,14389.45
2023-11,GRP-055,FUEL - XĂNG,0.0,82.0
2023-11,GRP-056,FUNNY GÓI,0.0,516.5
2023-11,GRP-057,GAN HEO_HỘP,0.0,720.0
2023-11,GRP-059,GIA KHO GÓI,0.0,3600.0
2023-11,GRP-061,GIA KHO THỊT GÓI,0.0,4080.0
2023-11,GRP-062,GIẤY,0.0,90.0
2023-11,GRP-063,HAPPY GÓI,0.0,10.0
2023-11,GRP-066,HEO HẦM_HỘP,0.0,360.0
2023-11,GRP-067,HEO LÁT,0.0,144.0
2023-11,GRP-068,HEO LÁT 3.B.MAI,0.0,28440.0
2023-11,GRP-070,HÀNG ONPACK CHÉN,0.0,15.0
2023-11,GRP-074,HẦM_HỘP,0.0,9144.0
2023-11,GRP-077,KHÔ SATE THỦY TINH,0.0,108.0
2023-11,GRP-078,KHÔNG TÊN,0.0,13.0
2023-11,GRP-085,LẠP XƯỞNG MQL GÓI,0.0,130.0
2023-11,GRP-086,LẨU CHUA HẢI SẢN,0.0,3279.0
2023-11,GRP-088,LẨU THÁI,0.0,5552.0
2023-11,GRP-092,MÁY BAY PXU-SGN-PXU,0.0,4.0
2023-11,GRP-095,NBT - BÁNH NABATI,5454.0,5745.0
2023-11,GRP-096,NGỪ XỐT CAY,0.0,48.0
2023-11,GRP-097,NƯỚC MẮM CAO ĐẠM,0.0,48.0
2023-11,GRP-098,NƯỚC MẮM CAO ĐẠM (XUÂN),0.0,42.0
2023-11,GRP-099,NƯỚC MẮM CAO ĐẠM 500M (XUÂN),0.0,78.0
2023-11,GRP-100,NƯỚC MẮM CHAY,0.0,768.0
2023-11,GRP-102,NƯỚC MẮM HƯƠNG VIỆT PET,0.0,5280.0
2023-11,GRP-103,"NƯỚC TƯƠNG HƯƠNG VIỆT 4,9 LÍT",0.0,120.0
2023-11,GRP-104,NƯỚC TƯƠNG HẢO GÓI,0.0,1600.0
2023-11,GRP-105,NƯỚC TƯƠNG HẢO PET,0.0,1728.0
2023-11,GRP-106,NƯỚC TƯƠNG THANH,0.0,14894.0
2023-11,GRP-107,NƯỚC TƯƠNG ĐẬU NÀNH PET,0.0,2025.0
2023-11,GRP-109,OTHER - CÁC MẶT HÀNG KHÁC,48.0,697.84
2023-11,GRP-114,PHÍ DỊCH NGÂN HÀNG,0.0,20.0
2023-11,GRP-120,SATE,0.0,504.0
2023-11,GRP-121,SATE TÔM,0.0,10160.0
2023-11,GRP-122,SATE TÔM PET,0.0,26194.0
2023-11,GRP-123,SATẾ CHAY PET,0.0,720.0
2023-11,GRP-124,SATẾ TÔM NHỰA,0.0,10056.0
2023-11,GRP-125,SERVICE - CHIẾT KHẤU,628.0,42.0
2023-11,GRP-126,SN - NƯỚC KHOÁNG SANNA,1481.0,1146.0
2023-11,GRP-127,SN - YẾN SÀO/NƯỚC YẾN,187798.0,196826.0
2023-11,GRP-129,SƯỜN NẤU ĐẬU_HỘP,0.0,72.0
2023-11,GRP-131,THU LAI TIEN VAY THANG,0.0,37.0
2023-11,GRP-135,TIỀN PHÍ DỊCH BÁN,0.0,1.0
2023-11,GRP-137,TIỀN PHẢI THU: 3.846.864,0.0,2.0
2023-11,GRP-141,TIỀN PHẢI THU: 5.770.296,0.0,2.0
2023-11,GRP-144,TIỀN PHẢI THU: 7.693.728,0.0,2.0
2023-11,GRP-146,TRỢ 0.5% TRÊN DOANH THU THỰC HIỆN T6/2023 SHĐ 0000,1.0,0.0
2023-11,GRP-147,TÔM VIÊN FUNNY_GÓI,0.0,47.5
2023-11,GRP-149,TƯƠNG CHAI PET,0.0,7280.0
2023-11,GRP-150,TƯƠNG CHUA NGỌT PET,0.0,234.0
2023-11,GRP-151,TƯƠNG GÓI,0.0,12800.0
2023-11,GRP-153,TƯƠNG HỘT PET,0.0,360.0
2023-11,GRP-154,TƯƠNG MUỘI PET,0.0,294.0
2023-11,GRP-155,TƯƠNG ĐEN,0.0,570.0
2023-11,GRP-156,TƯƠNG ĐEN PHỞ,0.0,9264.0
2023-11,GRP-159,TỔNG CỘNG: CBĐL: 10. 0.7,0.0,1.0
2023-11,GRP-166,TỔNG CỘNG: XXT: 100.,0.0,2.0
2023-11,GRP-173,TỔNG CỘNG: XXT: 50.,0.0,2.0
2023-11,GRP-174,TỔNG CỘNG: XXT: 60.,0.0,1.0
2023-11,GRP-175,TỔNG CỘNG: XXT: 75.,0.0,2.0
2023-11,GRP-186,VIÊN FUNNY_GÓI,0.0,42.5
2023-11,GRP-187,VIÊN GÓI,0.0,20.0
2023-11,GRP-188,VIÊN NGON,0.0,65.0
2023-11,GRP-189,VIÊN NGON_GÓI,0.0,70.0
2023-11,GRP-190,VS - XÚC XÍCH VISSAN,28543.5,280.0
2023-11,GRP-193,VUÔNG BELCUBE HƯƠNG VANI 15CX,0.0,8.0
2023-11,GRP-194,VUÔNG BELCUBE NGỌT DÂU 15C,0.0,65.0
2023-11,GRP-195,VUÔNG BELCUBE NGỌT SOCOLA X15C,0.0,25.0
2023-11,GRP-196,VUÔNG BELCUBE SỮA 15C X15,0.0,120.0
2023-11,GRP-198,VUÔNG BELCUBE SỮA 15C X15::HÀNG KHUYẾN MÃI KHÔNG T,0.0,8.0
2023-11,GRP-199,VUÔNG BELCUBE SỮA 24C X15,0.0,17.0
2023-11,GRP-207,XXTT (GÓI),0.0,478.44
2023-11,GRP-209,XXTT BOOM BOOM (5+1)_GÓI,0.0,278.46
2023-11,GRP-210,"XXTT BOOM BOOM (HŨ 1,)",0.0,80.0
2023-11,GRP-211,XXTT BOOM BOOM GÓI,0.0,13265.71
2023-11,GRP-212,XXTT BOOM BOOM _CA NHỰA,0.0,780.0
2023-11,GRP-213,XXTT BOOM BOOM _GÓI,0.0,3210.8
2023-11,GRP-214,XXTT BOOM BOOM _HŨ,0.0,255.0
2023-11,GRP-215,XXTT DINH DƯỠNG GOLDEN,0.0,315.61199999999997
2023-11,GRP-216,XXTT DINH DƯỠNG GÓI,0.0,1505.0
2023-11,GRP-217,XXTT DINH DƯỠNG HEO GÓI,0.0,420.0
2023-11,GRP-218,XXTT DZUI DZUI THÙNG,0.0,42.0
2023-11,GRP-219,XXTT GÓI (T-3.),0.0,432.0
2023-11,GRP-220,XXTT HEO (GÓI),0.0,84.03999999999999
2023-11,GRP-221,XXTT HEO GÓI (T-3.),0.0,216.0
2023-11,GRP-223,XXTT LẮC KÊU TỎI_,0.0,1440.0
2023-11,GRP-226,XXTT TRỘN ĐỀU XỐT TAMARIND_,0.0,1200.0
2023-11,GRP-227,XỐT,0.0,144.0
2023-11,GRP-228,XỐT BÚN GÓI,0.0,2280.0
2023-11,GRP-230,XỐT CHIÊN NƯỚC MẮM,0.0,2400.0
2023-11,GRP-231,XỐT CHIÊN PET,0.0,72.0
2023-11,GRP-232,XỐT CHUA,0.0,40.0
2023-11,GRP-233,XỐT CHUA KETCHUP,0.0,72.0
2023-11,GRP-234,XỐT KHO GÓI,0.0,9360.0
2023-11,GRP-235,XỐT KOS,0.0,640.0
2023-11,GRP-236,XỐT LẨU KIM CHI PET,0.0,672.0
2023-11,GRP-237,XỐT LẨU NẤM PET,0.0,48.0
2023-11,GRP-238,XỐT LẨU THÁI PET,0.0,24.0
2023-11,GRP-240,XỐT RANG PET,0.0,1936.0
2023-11,GRP-241,XỐT SƯỜN XÀO CHUA NGỌT,0.0,3360.0
2023-11,GRP-242,XỐT TIÊU ĐEN,0.0,36.0
2023-11,GRP-244,XỐT ƯỚP THỊT NƯỚNG,0.0,8658.0
2023-11,GRP-245,XỐT ƯỚP THỊT NƯỚNG GÓI,0.0,28830.0
2023-11,GRP-246,XỐT ƯỚP THỊT TRUYỀN THỐNG,0.0,2.0
2023-11,GRP-247,XỐT ƯỚP XÍU,0.0,360.0
2023-11,GRP-248,XỐT ƯỚP XÍU GÓI,0.0,1800.0
2023-12,GRP-000,0.001S-V,0.0,609.19
2023-12,GRP-004,AL - SỮA ANLENE,2435.0,0.0
2023-12,GRP-005,BEL - PHÔ MAI,22086.0,2880.0
2023-12,GRP-009,BỘT CANH NẤM BÀO NGƯ,0.0,250.0
2023-12,GRP-010,BỘT CANH NẤM HƯƠNG,0.0,200.0
2023-12,GRP-012,CHẢ GIÒ ALNN,0.0,36.0
2023-12,GRP-015,CHẢ GIÒ THẬP CẨM,0.0,41.0
2023-12,GRP-017,CHẢ GIÒ TÔM CUA,0.0,16.0
2023-12,GRP-019,CHẢ GIÒ TÔM THỊT R/GÓI,0.0,255.0
2023-12,GRP-020,CHẢ GIÒ XỐP CHAY,0.0,50.0
2023-12,GRP-021,CLM - GIA VỊ CHOLIMEX,424748.1,576.0
2023-12,GRP-022,CLM - TƯƠNG ỚT (CHUNG),0.0,38011.0
2023-12,GRP-023,CON CUOI 16M X32 TET24,0.0,130.0
2023-12,GRP-024,CON CUOI X36 TET24,0.0,238.0
2023-12,GRP-026,CON CƯỜI VEG6 24M X24,0.0,10.0
2023-12,GRP-030,CƯỚC DỊCH VIỄN THÔNG TRẢ SAU (DỊCH CHỊU THUẾ),0.0,1.0
2023-12,GRP-031,CƯỚC ĐƯỜNG 81C01245T QUA TRẠM GIA LAI THỜI GIAN 08,0.0,2.0
2023-12,GRP-032,CƯỚC ĐƯỜNG 81C01245T QUA TRẠM GIA LAI THỜI GIAN 09,0.0,4.0
2023-12,GRP-033,CƯỚC ĐƯỜNG 81C01245T QUA TRẠM GIA LAI THỜI GIAN 10,0.0,2.0
2023-12,GRP-034,CƯỚC ĐƯỜNG 81C01245T QUA TRẠM GIA LAI THỜI GIAN 11,0.0,2.0
2023-12,GRP-035,CƯỚC ĐƯỜNG 81C01245T QUA TRẠM GIA LAI THỜI GIAN 13,0.0,3.0
2023-12,GRP-036,CƯỚC ĐƯỜNG 81C01245T QUA TRẠM GIA LAI THỜI GIAN 15,0.0,2.0
2023-12,GRP-037,CƯỚC ĐƯỜNG 81C01245T QUA TRẠM GIA LAI THỜI GIAN 16,0.0,2.0
2023-12,GRP-038,CƯỚC ĐƯỜNG 81C01245T QUA TRẠM GIA LAI THỜI GIAN 17,0.0,3.0
2023-12,GRP-039,CƯỚC ĐƯỜNG 81C01245T QUA TRẠM GIA LAI THỜI GIAN 18,0.0,2.0
2023-12,GRP-040,CƯỚC ĐƯỜNG 81C01245T QUA TRẠM GIA LAI THỜI GIAN 19,0.0,6.0
2023-12,GRP-041,CƯỚC ĐƯỜNG 81C18927T QUA TRẠM KM124+720 QL19 THỜI,0.0,26.0
2023-12,GRP-042,CƯỚC ĐƯỜNG 81C20280T QUA TRẠM GIA LAI THỜI GIAN 09,0.0,3.0
2023-12,GRP-043,CƯỚC ĐƯỜNG 81C20280T QUA TRẠM GIA LAI THỜI GIAN 18,0.0,3.0
2023-12,GRP-044,CƯỚC ĐƯỜNG 81C20280T QUA TRẠM GIA LAI THỜI GIAN 19,0.0,3.0
2023-12,GRP-048,DỊCH NGÂN HÀNG,0.0,1.0
2023-12,GRP-053,FOOD - BÁNH (CHUNG),255.0,86.0
2023-12,GRP-054,FUEL - DẦU DO,0.0,18024.09
2023-12,GRP-055,FUEL - XĂNG,0.0,27.31
2023-12,GRP-056,FUNNY GÓI,0.0,516.5
2023-12,GRP-057,GAN HEO_HỘP,0.0,1296.0
2023-12,GRP-059,GIA KHO GÓI,0.0,3360.0
2023-12,GRP-061,GIA KHO THỊT GÓI,0.0,4080.0
2023-12,GRP-063,HAPPY GÓI,0.0,6.5
2023-12,GRP-065,HEO HẦM 3.B.MAI,0.0,72.0
2023-12,GRP-066,HEO HẦM_HỘP,0.0,11664.0
2023-12,GRP-067,HEO LÁT,0.0,144.0
2023-12,GRP-068,HEO LÁT 3.B.MAI,0.0,2844.0
2023-12,GRP-070,HÀNG ONPACK CHÉN,0.0,12.0
2023-12,GRP-074,HẦM_HỘP,0.0,914.0
2023-12,GRP-077,KHÔ SATE THỦY TINH,0.0,72.0
2023-12,GRP-078,KHÔNG TÊN,0.0,11.0
2023-12,GRP-083,LÁT 3.B.MAI,0.0,360.0
2023-12,GRP-085,LẠP XƯỞNG MQL GÓI,0.0,750.0
2023-12,GRP-086,LẨU CHUA HẢI SẢN,0.0,4421.0
2023-12,GRP-088,LẨU THÁI,0.0,5768.0
2023-12,GRP-091,MÁY BAY PXU-SGN,0.0,1.0
2023-12,GRP-092,MÁY BAY PXU-SGN-PXU,0.0,2.0
2023-12,GRP-093,MÁY BAY SGN-PXU,0.0,1.0
2023-12,GRP-095,NBT - BÁNH NABATI,9279.0,5550.0
2023-12,GRP-097,NƯỚC MẮM CAO ĐẠM,0.0,24.0
2023-12,GRP-100,NƯỚC MẮM CHAY,0.0,552.0
2023-12,GRP-102,NƯỚC MẮM HƯƠNG VIỆT PET,0.0,2448.0
2023-12,GRP-103,"NƯỚC TƯƠNG HƯƠNG VIỆT 4,9 LÍT",0.0,81.0
2023-12,GRP-105,NƯỚC TƯƠNG HẢO PET,0.0,1752.0
2023-12,GRP-106,NƯỚC TƯƠNG THANH,0.0,15614.0
2023-12,GRP-107,NƯỚC TƯƠNG ĐẬU NÀNH PET,0.0,3480.0
2023-12,GRP-108,NƯỚNG NGŨ PET,0.0,720.0
2023-12,GRP-109,OTHER - CÁC MẶT HÀNG KHÁC,2.0,412.64
2023-12,GRP-114,PHÍ DỊCH NGÂN HÀNG,0.0,12.0
2023-12,GRP-115,PLC CATER 15W40 CI4 THÙNG LÍT,0.0,2.0
2023-12,GRP-120,SATE,0.0,504.0
2023-12,GRP-121,SATE TÔM,0.0,13850.0
2023-12,GRP-122,SATE TÔM PET,0.0,36784.0
2023-12,GRP-123,SATẾ CHAY PET,0.0,1368.0
2023-12,GRP-124,SATẾ TÔM NHỰA,0.0,8744.0
2023-12,GRP-125,SERVICE - CHIẾT KHẤU,531.0,45.0
2023-12,GRP-126,SN - NƯỚC KHOÁNG SANNA,1814.0,350.0
2023-12,GRP-127,SN - YẾN SÀO/NƯỚC YẾN,221659.0,168576.0
2023-12,GRP-129,SƯỜN NẤU ĐẬU_HỘP,0.0,144.0
2023-12,GRP-131,THU LAI TIEN VAY THANG,0.0,349.0
2023-12,GRP-132,THU LAI TIEN VAY THANG 12/2023,0.0,58.0
2023-12,GRP-135,TIỀN PHÍ DỊCH BÁN,0.0,3.0
2023-12,GRP-137,TIỀN PHẢI THU: 3.846.864,0.0,3.0
2023-12,GRP-144,TIỀN PHẢI THU: 7.693.728,0.0,1.0
2023-12,GRP-147,TÔM VIÊN FUNNY_GÓI,0.0,40.0
2023-12,GRP-149,TƯƠNG CHAI PET,0.0,7916.0
2023-12,GRP-150,TƯƠNG CHUA NGỌT PET,0.0,120.0
2023-12,GRP-151,TƯƠNG GÓI,0.0,23200.0
2023-12,GRP-153,TƯƠNG HỘT PET,0.0,468.0
2023-12,GRP-154,TƯƠNG MUỘI PET,0.0,366.0
2023-12,GRP-155,TƯƠNG ĐEN,0.0,210.0
2023-12,GRP-156,TƯƠNG ĐEN PHỞ,0.0,6330.0
2023-12,GRP-158,TỔNG CỘNG: CBĐL: 0.6,0.0,1.0
2023-12,GRP-159,TỔNG CỘNG: CBĐL: 10. 0.7,0.0,1.0
2023-12,GRP-162,TỔNG CỘNG: CBĐL: 35. 1.3,0.0,1.0
2023-12,GRP-163,TỔNG CỘNG: CBĐL: 35. 2.3,0.0,1.0
2023-12,GRP-166,TỔNG CỘNG: XXT: 100.,0.0,1.0
2023-12,GRP-173,TỔNG CỘNG: XXT: 50.,0.0,3.0
2023-12,GRP-183,TỔNG CỘNG: XXTT: 22. 3.2,0.0,1.0
2023-12,GRP-186,VIÊN FUNNY_GÓI,0.0,52.5
2023-12,GRP-187,VIÊN GÓI,0.0,30.0
2023-12,GRP-189,VIÊN NGON_GÓI,0.0,25.0
2023-12,GRP-190,VS - XÚC XÍCH VISSAN,109351.34,200.0
2023-12,GRP-193,VUÔNG BELCUBE HƯƠNG VANI 15CX,0.0,8.0
2023-12,GRP-194,VUÔNG BELCUBE NGỌT DÂU 15C,0.0,70.0
2023-12,GRP-195,VUÔNG BELCUBE NGỌT SOCOLA X15C,0.0,27.0
2023-12,GRP-196,VUÔNG BELCUBE SỮA 15C X15,0.0,100.0
2023-12,GRP-198,VUÔNG BELCUBE SỮA 15C X15::HÀNG KHUYẾN MÃI KHÔNG T,0.0,8.0
2023-12,GRP-199,VUÔNG BELCUBE SỮA 24C X15,0.0,25.0
2023-12,GRP-207,XXTT (GÓI),0.0,460.15999999999997
2023-12,GRP-209,XXTT BOOM BOOM (5+1)_GÓI,0.0,544.11
2023-12,GRP-210,"XXTT BOOM BOOM (HŨ 1,)",0.0,120.0
2023-12,GRP-211,XXTT BOOM BOOM GÓI,0.0,14517.6
2023-12,GRP-212,XXTT BOOM BOOM _CA NHỰA,0.0,624.0
2023-12,GRP-213,XXTT BOOM BOOM _GÓI,0.0,1821.2
2023-12,GRP-214,XXTT BOOM BOOM _HŨ,0.0,214.0
2023-12,GRP-215,XXTT DINH DƯỠNG GOLDEN,0.0,426.096
2023-12,GRP-216,XXTT DINH DƯỠNG GÓI,0.0,1750.0
2023-12,GRP-217,XXTT DINH DƯỠNG HEO GÓI,0.0,945.0
2023-12,GRP-218,XXTT DZUI DZUI THÙNG,0.0,52.5
2023-12,GRP-219,XXTT GÓI (T-3.),0.0,504.0
2023-12,GRP-220,XXTT HEO (GÓI),0.0,178.52
2023-12,GRP-221,XXTT HEO GÓI (T-3.),0.0,270.0
2023-12,GRP-223,XXTT LẮC KÊU TỎI_,0.0,1920.0
2023-12,GRP-225,XXTT TRỘN ĐỀU XỐT CHANH DÂY_,0.0,271.0
2023-12,GRP-226,XXTT TRỘN ĐỀU XỐT TAMARIND_,0.0,2160.0
2023-12,GRP-227,XỐT,0.0,936.0
2023-12,GRP-228,XỐT BÚN GÓI,0.0,1320.0
2023-12,GRP-229,XỐT BẰM,0.0,160.0
2023-12,GRP-230,XỐT CHIÊN NƯỚC MẮM,0.0,2412.0
2023-12,GRP-231,XỐT CHIÊN PET,0.0,72.0
2023-12,GRP-232,XỐT CHUA,0.0,80.0
2023-12,GRP-233,XỐT CHUA KETCHUP,0.0,72.0
2023-12,GRP-234,XỐT KHO GÓI,0.0,7800.0
2023-12,GRP-235,XỐT KOS,0.0,3440.0
2023-12,GRP-237,XỐT LẨU NẤM PET,0.0,312.0
2023-12,GRP-238,XỐT LẨU THÁI PET,0.0,84.0
2023-12,GRP-239,XỐT MAI VÀNG HỘP,0.0,432.0
2023-12,GRP-240,XỐT RANG PET,0.0,3648.0
2023-12,GRP-241,XỐT SƯỜN XÀO CHUA NGỌT,0.0,2400.0
2023-12,GRP-243,XỐT ƯỚP THỊT CAY,0.0,276.0
2023-12,GRP-244,XỐT ƯỚP THỊT NƯỚNG,0.0,8311.0
2023-12,GRP-245,XỐT ƯỚP THỊT NƯỚNG GÓI,0.0,44107.0
2023-12,GRP-246,XỐT ƯỚP THỊT TRUYỀN THỐNG,0.0,277.0
2023-12,GRP-247,XỐT ƯỚP XÍU,0.0,684.0
2023-12,GRP-248,XỐT ƯỚP XÍU GÓI,0.0,2760.0
